layer,trial,cd_order,baseline_a_us,baseline_b_us,activation_pack_us,scalar_c_kernel_us,neon_d_kernel_us,neon_e_kernel_us,lut_component_sum_us,lut_direct_e2e_us,e_vs_scalar_speedup,e_vs_partial_avx2_speedup,dense_vs_e_kernel_ratio,dense_vs_e_e2e_ratio,e2e_to_component_ratio
k_proj_layer,0,C-E-D,637.550,2692.381,72.377,1099.885,1353.700,1375.938,1448.315,1427.550,0.799371,0.983838,0.463356,0.446604,0.985662
k_proj_layer,1,C-E-D,638.573,2700.335,72.615,1235.746,1329.946,1331.196,1403.811,1435.846,0.928298,0.999061,0.479699,0.444736,1.022820
k_proj_layer,2,E-C-D,643.523,2523.615,72.235,1422.973,1682.473,1594.246,1666.481,1711.292,0.892568,1.055341,0.403654,0.376045,1.026890
k_proj_layer,3,E-D-C,634.388,2590.342,72.015,1112.254,1584.804,1415.250,1487.265,1414.111,0.785906,1.119805,0.448252,0.448613,0.950813
k_proj_layer,4,E-D-C,634.219,2552.481,72.315,1274.746,1363.054,1369.704,1442.019,1475.092,0.930673,0.995145,0.463034,0.429952,1.022935
k_proj_layer,5,C-D-E,636.639,2581.235,72.296,1060.285,1366.950,1344.119,1416.415,1561.996,0.788832,1.016986,0.473647,0.407580,1.102781
k_proj_layer,6,E-D-C,639.992,2539.142,72.215,1093.973,1366.331,1369.331,1441.546,1422.900,0.798911,0.997809,0.467376,0.449780,0.987065
k_proj_layer,7,D-E-C,649.065,2587.250,72.019,1101.285,1420.312,1422.554,1494.573,1413.665,0.774160,0.998424,0.456268,0.459136,0.945866
k_proj_layer,8,C-D-E,636.904,2671.169,76.419,1167.831,1373.161,1357.485,1433.904,1447.692,0.860290,1.011548,0.469179,0.439944,1.009616
k_proj_layer,9,D-C-E,639.335,2564.004,72.292,1295.096,1453.700,1468.019,1540.312,1469.277,0.882207,0.990246,0.435508,0.435136,0.953883
k_proj_layer,10,E-C-D,639.435,2615.385,72.185,1150.869,1406.550,1380.596,1452.781,1441.196,0.833603,1.018799,0.463158,0.443683,0.992026
k_proj_layer,11,D-E-C,638.358,2561.035,72.158,1200.004,1424.600,1344.581,1416.738,1496.027,0.892474,1.059512,0.474763,0.426702,1.055966
k_proj_layer,12,D-E-C,640.123,2548.065,72.750,1101.119,1390.108,1382.915,1455.665,1496.031,0.796230,1.005201,0.462879,0.427881,1.027730
k_proj_layer,13,D-C-E,637.069,2553.412,72.185,1110.539,1398.873,1399.435,1471.619,1450.339,0.793562,0.999599,0.455233,0.439256,0.985539
k_proj_layer,14,E-D-C,653.800,2643.935,72.846,1091.642,1368.377,1392.896,1465.742,1432.327,0.783721,0.982397,0.469382,0.456460,0.977202
k_proj_layer,15,E-D-C,642.108,2669.346,75.592,1098.454,1362.304,1469.704,1545.296,1425.777,0.747398,0.926924,0.436896,0.450356,0.922656
k_proj_layer,16,E-D-C,639.046,2561.769,72.142,1107.327,1366.469,1360.050,1432.192,1411.654,0.814181,1.004720,0.469870,0.452693,0.985659
k_proj_layer,17,C-E-D,638.023,2535.765,72.750,1139.846,1461.708,1365.719,1438.469,1487.581,0.834612,1.070284,0.467170,0.428900,1.034142
k_proj_layer,18,C-E-D,638.869,2592.069,72.638,1146.750,1424.865,1371.735,1444.373,1636.004,0.835985,1.038733,0.465738,0.390506,1.132674
k_proj_layer,19,E-D-C,639.381,2629.092,75.358,1182.608,1398.285,1395.758,1471.115,1483.589,0.847287,1.001810,0.458089,0.430969,1.008479
k_proj_layer,20,E-D-C,645.046,2620.427,73.296,1122.565,1427.911,1648.200,1721.496,1403.554,0.681086,0.866346,0.391364,0.459581,0.815310
k_proj_layer,21,C-D-E,640.054,3006.050,72.646,1668.708,1984.527,1712.335,1784.981,1580.727,0.974522,1.158960,0.373790,0.404911,0.885571
k_proj_layer,22,D-E-C,646.277,2918.785,76.346,1049.638,1482.385,1327.858,1404.204,1379.019,0.790475,1.116373,0.486706,0.468650,0.982065
k_proj_layer,23,D-E-C,634.469,2615.981,72.100,1061.435,1362.131,1328.569,1400.669,1387.523,0.798931,1.025261,0.477558,0.457268,0.990614
k_proj_layer,24,C-D-E,635.373,2518.969,80.454,1268.846,1614.946,1454.158,1534.611,1484.919,0.872564,1.110572,0.436935,0.427884,0.967619
k_proj_layer,25,E-C-D,634.538,2606.127,72.254,1284.488,1502.688,1322.565,1394.819,1519.292,0.971210,1.136192,0.479779,0.417654,1.089240
k_proj_layer,26,C-D-E,640.665,2567.508,72.350,1135.535,1329.250,1538.488,1610.838,1539.331,0.738085,0.863997,0.416425,0.416197,0.955608
k_proj_layer,27,D-C-E,645.615,2577.231,72.769,1114.746,1410.581,1315.873,1388.642,1606.354,0.847153,1.071973,0.490637,0.401914,1.156780
k_proj_layer,28,C-D-E,643.958,2609.796,72.012,1098.731,1365.962,1368.250,1440.262,1380.769,0.803019,0.998327,0.470643,0.466376,0.958693
k_proj_layer,29,D-C-E,638.012,2659.104,71.881,1108.004,1424.154,1362.362,1434.242,1435.850,0.813296,1.045357,0.468313,0.444344,1.001121
k_proj_layer,30,D-E-C,642.177,2543.073,72.212,1095.688,1451.235,1351.319,1423.531,1522.877,0.810829,1.073939,0.475222,0.421687,1.069789
k_proj_layer,31,C-E-D,631.704,2946.396,72.035,1526.642,1538.742,1689.454,1761.488,1700.135,0.903631,0.910793,0.373910,0.371561,0.965169
k_proj_layer,32,C-D-E,652.631,3003.012,76.692,1593.608,1844.054,1798.350,1875.042,1881.996,0.886150,1.025414,0.362905,0.346776,1.003709
k_proj_layer,33,E-C-D,645.742,2979.438,77.442,1403.562,1769.219,1811.131,1888.573,1854.827,0.774964,0.976859,0.356541,0.348142,0.982131
k_proj_layer,34,C-D-E,643.181,3009.846,72.392,1530.142,1753.269,1744.912,1817.304,1813.958,0.876917,1.004790,0.368604,0.354573,0.998159
k_proj_layer,35,E-C-D,636.008,3009.708,76.177,1298.985,1631.119,1772.065,1848.242,1544.054,0.733034,0.920462,0.358908,0.411908,0.835417
k_proj_layer,36,D-C-E,639.108,3012.542,76.100,1296.877,1697.508,1620.781,1696.881,1768.227,0.800156,1.047339,0.394321,0.361440,1.042045
k_proj_layer,37,E-C-D,634.554,2966.923,73.481,1274.035,1513.050,1632.165,1705.646,1472.715,0.780579,0.927020,0.388780,0.430873,0.863436
k_proj_layer,38,C-E-D,637.304,2633.842,72.612,1366.669,1449.715,1504.919,1577.531,1447.550,0.908135,0.963318,0.423480,0.440264,0.917605
k_proj_layer,39,C-E-D,638.104,2645.288,72.162,1111.627,1614.085,1653.565,1725.727,1620.658,0.672261,0.976124,0.385896,0.393731,0.939116
k_proj_layer,40,E-D-C,634.450,2875.000,72.658,1749.396,1901.585,1507.942,1580.600,2017.650,1.160121,1.261046,0.420739,0.314450,1.276509
k_proj_layer,41,E-C-D,638.873,3025.727,71.996,1674.635,1960.092,1983.831,2055.827,2052.165,0.844142,0.988034,0.322040,0.311317,0.998219
k_proj_layer,42,D-E-C,650.119,2998.500,75.942,1700.985,1954.508,1946.285,2022.227,2040.065,0.873965,1.004225,0.334031,0.318676,1.008821
k_proj_layer,43,D-E-C,635.812,3024.115,72.100,1176.365,1966.392,1743.412,1815.512,1550.688,0.674749,1.127899,0.364694,0.410019,0.854133
k_proj_layer,44,E-C-D,640.708,2811.458,71.788,1163.177,1534.488,1572.292,1644.081,1499.350,0.739797,0.975956,0.407499,0.427324,0.911969
k_proj_layer,45,D-C-E,638.004,2848.004,72.204,1391.115,1660.988,1654.912,1727.115,1827.708,0.840598,1.003672,0.385521,0.349073,1.058243
k_proj_layer,46,C-E-D,635.754,2977.308,72.715,1443.335,1810.831,1685.777,1758.492,1843.273,0.856184,1.074182,0.377128,0.344905,1.048212
k_proj_layer,47,D-C-E,632.742,3025.258,72.031,1455.692,1832.750,1747.381,1819.412,1910.504,0.833071,1.048856,0.362109,0.331191,1.050067
k_proj_layer,48,D-E-C,639.900,3008.850,71.912,1455.631,1820.373,1763.577,1835.488,1612.004,0.825385,1.032205,0.362842,0.396959,0.878242
k_proj_layer,49,C-E-D,634.350,2705.704,72.458,1278.358,1364.685,1465.608,1538.065,1474.004,0.872237,0.931139,0.432824,0.430358,0.958349
k_proj_layer,50,D-C-E,642.408,2653.062,75.346,1260.304,1612.839,1537.546,1612.892,1601.973,0.819685,1.048969,0.417814,0.401010,0.993230
k_proj_layer,51,C-D-E,645.604,2874.296,76.200,1517.938,1795.862,1675.908,1752.108,1845.069,0.905741,1.071575,0.385226,0.349908,1.053057
k_proj_layer,52,D-C-E,634.685,3056.888,72.577,1477.861,1842.723,1792.412,1864.989,1884.992,0.824510,1.028069,0.354095,0.336704,1.010726
k_proj_layer,53,C-D-E,645.623,3038.804,72.246,1617.977,1794.012,1782.819,1855.065,1846.450,0.907538,1.006278,0.362136,0.349656,0.995356
k_proj_layer,54,C-E-D,634.631,2836.092,77.281,1314.523,1529.473,1645.723,1723.004,1451.758,0.798751,0.929362,0.385624,0.437147,0.842574
k_proj_layer,55,D-E-C,632.600,2899.538,75.939,1384.173,1698.746,1813.719,1889.658,1786.396,0.763168,0.936609,0.348786,0.354121,0.945354
k_proj_layer,56,E-C-D,642.604,2942.896,72.762,1403.285,1731.135,1669.696,1742.458,1817.104,0.840443,1.036796,0.384863,0.353642,1.042840
k_proj_layer,57,E-C-D,638.681,3021.058,72.612,1467.289,1853.677,1911.750,1984.361,1843.235,0.767511,0.969623,0.334082,0.346500,0.928880
k_proj_layer,58,D-C-E,641.973,2980.154,83.488,1508.019,1868.219,1570.996,1654.484,1619.231,0.959913,1.189194,0.408641,0.396468,0.978692
k_proj_layer,59,E-D-C,637.054,2985.258,72.485,1231.935,1564.765,1672.046,1744.531,1649.988,0.736783,0.935839,0.381003,0.386096,0.945806
