layer,trial,order,baseline_a_us,baseline_b_us,activation_pack_us,proposed_kernel_us,proposed_total_us,kernel_speedup_vs_A,total_speedup_vs_A,kernel_speedup_vs_B,total_speedup_vs_B
k_proj_640x2560,0,A-B-C,283.54,3577.772,91.608,496.41,588.018,0.5711810801555166,0.4821961232479278,7.207292359138615,6.0844599995238235
k_proj_640x2560,1,B-C-A,314.36,2439.007,90.789,495.305,586.094,0.634679641836848,0.5363644739581023,4.924252733164414,4.1614604483239885
k_proj_640x2560,2,C-A-B,255.66,3526.707,87.207,498.862,586.069,0.5124864190898485,0.43622849869213354,7.069504191539944,6.0175627784441765
k_proj_640x2560,3,A-B-C,247.681,3741.032,85.798,491.877,577.675,0.5035425523047429,0.42875492275068167,7.6056249834816425,6.476015060371317
k_proj_640x2560,4,B-C-A,314.974,2441.033,91.82,485.077,576.8969999999999,0.6493278386730355,0.5459796116117782,5.0322587960261975,4.231315122110186
k_proj_640x2560,5,C-A-B,247.583,3619.047,97.449,487.231,584.68,0.50814295477915,0.42345043442566876,7.427784767389595,6.189790996784566
k_proj_640x2560,6,A-B-C,246.224,3702.051,87.197,527.959,615.156,0.4663695476353278,0.4002626975921555,7.012004720063491,6.018068587480249
k_proj_640x2560,7,B-C-A,309.314,2448.044,91.812,496.615,588.427,0.6228446583369411,0.5256624865956185,4.929460447227731,4.160318952053525
k_proj_640x2560,8,C-A-B,254.386,3526.35,90.125,508.244,598.369,0.5005194355467059,0.4251323180178117,6.93830128835756,5.89326987193521
k_proj_640x2560,9,A-B-C,252.801,3597.679,100.967,496.069,597.0360000000001,0.5096085423600345,0.4234267280365003,7.252376181539262,6.02589961074374
k_proj_640x2560,10,B-C-A,280.242,2435.894,87.553,498.208,585.761,0.5625,0.4784237940047221,4.889311291669342,4.158511747965467
k_proj_640x2560,11,C-A-B,249.224,3584.159,87.178,502.323,589.501,0.49614291999370924,0.4227711233738365,7.135168009428197,6.079987989842257
k_proj_640x2560,12,A-B-C,246.223,3595.423,86.098,488.951,575.049,0.5035739777605527,0.42817742488031457,7.353340109745147,6.252376753980965
k_proj_640x2560,13,B-C-A,323.126,2540.615,87.342,490.884,578.226,0.6582532736858402,0.55882302075659,5.175591382078046,4.393809686869839
k_proj_640x2560,14,C-A-B,253.655,3560.11,89.24,490.113,579.353,0.5175439133424333,0.4378246077952475,7.26385547822645,6.144975515790891
k_proj_640x2560,15,A-B-C,257.609,3568.65,94.308,487.978,582.2860000000001,0.5279110943526142,0.4424097436654839,7.313137067654689,6.1286893382289795
k_proj_640x2560,16,B-C-A,289.079,4074.934,98.911,499.672,598.5830000000001,0.5785375206135225,0.4829388739740353,8.155217822891817,6.807634029031896
k_proj_640x2560,17,C-A-B,249.4,3692.823,113.835,492.87,606.705,0.5060157850954613,0.41107292671067486,7.492488891594132,6.086686280811926
k_proj_640x2560,18,A-B-C,272.132,3643.476,98.939,496.725,595.664,0.5478524334390256,0.4568548712025572,7.334996225275555,6.116663085229257
k_proj_640x2560,19,B-C-A,286.827,2452.162,95.715,494.987,590.702,0.5794637030871518,0.48556971196982573,4.953992731122231,4.151267474970458
k_proj_640x2560,20,C-A-B,256.979,3629.471,88.19,506.385,594.575,0.5074775121695942,0.43220619770424246,7.167414121666321,6.104311482992053
k_proj_640x2560,21,A-B-C,250.558,3596.039,93.018,493.71,586.728,0.5075003544590955,0.4270428546106544,7.2837070344939345,6.128971175740719
k_proj_640x2560,22,B-C-A,285.373,2431.482,87.422,508.201,595.623,0.5615356915865966,0.47911682389699517,4.784488814465142,4.082250013851043
k_proj_640x2560,23,C-A-B,241.936,3629.141,85.481,502.194,587.675,0.4817580456954882,0.4116833283702727,7.226571802928748,6.1754217892542655
k_proj_640x2560,24,A-B-C,242.189,3621.017,85.36,487.895,573.255,0.49639574088687116,0.42248039703098966,7.421713688396069,6.3165903480998855
k_proj_640x2560,25,B-C-A,358.366,2481.286,85.045,485.754,570.799,0.7377520308633587,0.6278322141419309,5.108112336697176,4.347039851156011
k_proj_640x2560,26,C-A-B,305.769,4688.602,88.937,635.603,724.54,0.48106915794922306,0.42201810804096396,7.37662031173547,6.471143070085848
k_proj_640x2560,27,A-B-C,308.48,5242.938,129.947,501.509,631.456,0.6151036172830397,0.48852176557036436,10.454324847609913,8.30293480464197
k_proj_640x2560,28,B-C-A,316.727,2439.835,93.821,494.101,587.922,0.6410167152060003,0.538722823775943,4.9379276706584285,4.149929752586227
k_proj_640x2560,29,C-A-B,258.608,3515.924,87.727,519.952,607.679,0.497368987906576,0.4255667877283895,6.7620164938302,5.785824423750039
gate_proj_6912x2560,0,A-B-C,3406.006,71438.068,102.71,8571.071,8673.780999999999,0.39738394420020556,0.39267834869245605,8.33478896627971,8.236093117868668
gate_proj_6912x2560,1,B-C-A,7403.027,54477.897,99.434,16230.102,16329.536,0.4561294192729041,0.4533519507229109,3.3565960953295297,3.3361570714562863
gate_proj_6912x2560,2,C-A-B,7416.714,150727.605,101.892,14414.153,14516.045,0.5145438653245875,0.5109321443960804,10.456917239604714,10.383517342361504
gate_proj_6912x2560,3,A-B-C,7502.191,89507.006,102.82,8594.393,8697.213,0.8729169122240512,0.8625971331275892,10.414581460261358,10.291458424670063
gate_proj_6912x2560,4,B-C-A,11505.651,101445.521,102.169,24629.931,24732.100000000002,0.4671410163512029,0.4652112436873536,4.118790304365854,4.101775465892503
gate_proj_6912x2560,5,C-A-B,12341.077,191488.488,106.844,22616.437,22723.281000000003,0.5456684888074986,0.5431027763992355,8.466784047372272,8.426973551926766
gate_proj_6912x2560,6,A-B-C,3145.087,39252.084,91.15,5585.643,5676.793,0.5630662396433141,0.5540253097127199,7.027316998239953,6.914482173297495
gate_proj_6912x2560,7,B-C-A,3124.656,39974.799,95.761,6300.22,6395.981000000001,0.4959598236252067,0.48853428426382123,6.344984619584713,6.249987140362048
gate_proj_6912x2560,8,C-A-B,3205.312,39051.974,92.426,5474.694,5567.120000000001,0.5854778367521545,0.5757576628490134,7.133179315592798,7.014753409303194
gate_proj_6912x2560,9,A-B-C,3156.3,38834.995,93.871,5464.464,5558.335,0.5776046836432631,0.5678499046926823,7.106826030878784,6.986803602157841
gate_proj_6912x2560,10,B-C-A,3187.475,26648.489,95.685,5427.006,5522.691000000001,0.5873358164704442,0.5771597578064751,4.910348173560155,4.8252724984975615
gate_proj_6912x2560,11,C-A-B,3675.45,38810.104,95.746,5870.179,5965.925,0.626122303936558,0.616073785708,6.611400436000333,6.505295323021995
gate_proj_6912x2560,12,A-B-C,3177.317,38961.498,93.498,5417.814,5511.312,0.586457379304642,0.5765082796981916,7.191368695935298,7.0693689633248855
gate_proj_6912x2560,13,B-C-A,3212.173,26693.578,92.661,5534.613,5627.274,0.5803789713933024,0.5708222133843135,4.823025205195015,4.743607295468463
gate_proj_6912x2560,14,C-A-B,3191.147,39066.799,102.66,5395.626,5498.286,0.59143220823682,0.5803894159016101,7.240457177721361,7.105268623712917
gate_proj_6912x2560,15,A-B-C,3195.28,40282.475,91.345,5505.987,5597.332,0.5803282862818238,0.5708576871981151,7.316122431818309,7.196727833903723
gate_proj_6912x2560,16,B-C-A,3216.656,26492.204,101.818,5439.823,5541.6410000000005,0.5913162983427953,0.580451891416279,4.870048896811532,4.780570231814006
gate_proj_6912x2560,17,C-A-B,3211.949,39203.213,91.926,5563.688,5655.6140000000005,0.5773057367702862,0.5679222450471336,7.046263737290805,6.931734202510992
gate_proj_6912x2560,18,A-B-C,3149.089,38967.774,92.254,5438.047,5530.3009999999995,0.5790845500231977,0.5694245213777696,7.165766312795752,7.046230214232462
gate_proj_6912x2560,19,B-C-A,3172.455,26452.753,98.663,5518.199,5616.861999999999,0.5749076827421411,0.5648091407622264,4.793729439623327,4.709525176157079
gate_proj_6912x2560,20,C-A-B,3502.674,40918.892,91.215,5614.406,5705.621,0.623872587767967,0.6138988201284312,7.2881961154928945,7.17168069873551
gate_proj_6912x2560,21,A-B-C,3173.116,39286.236,91.697,6359.709,6451.406,0.4989404389414673,0.4918487535895276,6.177363775606714,6.089561872249242
gate_proj_6912x2560,22,B-C-A,3239.603,30649.745,90.643,5452.385,5543.028,0.5941625545518154,0.5844464433519008,5.62134643830177,5.52942272707264
gate_proj_6912x2560,23,C-A-B,3223.349,39179.793,103.458,5451.729,5555.187,0.5912526099518153,0.5802413132087183,7.186672888546,7.052830624783648
gate_proj_6912x2560,24,A-B-C,3187.646,38877.501,92.294,5492.812,5585.106,0.5803304391266259,0.5707404658031558,7.077886699927104,6.960924465891963
gate_proj_6912x2560,25,B-C-A,3216.593,26603.399,93.583,5422.325,5515.907999999999,0.5932128745510459,0.5831484136428672,4.906271571696643,4.823031674930039
gate_proj_6912x2560,26,C-A-B,3213.394,38718.351,93.254,5440.545,5533.799,0.5906382540719726,0.5806849869321238,7.116630962523057,6.996703530431807
gate_proj_6912x2560,27,A-B-C,3180.245,38705.099,91.988,5430.832,5522.820000000001,0.585590752945405,0.575837162898664,7.126918858841518,7.0082130143658485
gate_proj_6912x2560,28,B-C-A,3258.775,26509.938,91.377,5498.751,5590.128000000001,0.5926391284129796,0.5829517678307187,4.821083551519244,4.742277457689698
gate_proj_6912x2560,29,C-A-B,3176.854,41252.246,98.978,5538.974,5637.952,0.5735455699918433,0.563476595756757,7.447633081505708,7.316884925590001
q_proj_2560x2560,0,A-B-C,2195.657,73002.624,113.331,10284.048,10397.379,0.21350123997865433,0.2111740853151549,7.098627310957708,7.021252567594198
q_proj_2560x2560,1,B-C-A,1221.413,45988.461,107.429,19234.205,19341.634000000002,0.06350213070932746,0.06314942160522735,2.390972800799409,2.37769264995915
q_proj_2560x2560,2,C-A-B,1182.164,119741.108,103.48,19211.006,19314.486,0.06153576756990237,0.06120608128013347,6.23294313686644,6.199549291656013
q_proj_2560x2560,3,A-B-C,9010.166,126816.963,102.698,17348.97,17451.668,0.5193487567273446,0.516292540059781,7.309768994931687,7.266753126406026
q_proj_2560x2560,4,B-C-A,1271.482,79110.749,98.449,7033.312,7131.7609999999995,0.1807799796169998,0.1782844377426557,11.24800790864958,11.092736983193912
q_proj_2560x2560,5,C-A-B,1228.171,71564.27,103.975,8068.843,8172.818,0.15221153763928733,0.15027509483265136,8.869210864556418,8.756376319648865
q_proj_2560x2560,6,A-B-C,1258.72,83171.432,105.998,3507.516,3613.514,0.35886365165547357,0.3483368267011004,23.71234571702595,23.016773146582523
q_proj_2560x2560,7,B-C-A,1246.606,18467.77,105.499,3508.997,3614.4959999999996,0.3552599218523128,0.3448906846210371,5.26297685634955,5.109362411799599
q_proj_2560x2560,8,C-A-B,1238.061,29673.514,105.165,3325.546,3430.711,0.3722880393174534,0.3608759233873095,8.922899878696612,8.64937734481278
q_proj_2560x2560,9,A-B-C,1232.994,23545.45,104.476,3229.056,3333.532,0.38184348614579616,0.3698761553811392,7.291744088674832,7.063214032443666
q_proj_2560x2560,10,B-C-A,1209.131,17827.791,107.503,3246.813,3354.3160000000003,0.3724054942492839,0.3604702121088174,5.4908585742388,5.314881185910928
q_proj_2560x2560,11,C-A-B,1204.384,28637.783,107.083,3252.958,3360.041,0.37024271447710055,0.3584432451865915,8.8036128963239,8.523045700930435
q_proj_2560x2560,12,A-B-C,1230.23,29570.086,107.391,3220.721,3328.112,0.38197347736733483,0.3696480166532857,9.181200731140637,8.884943174989303
q_proj_2560x2560,13,B-C-A,1540.303,18461.944,115.385,3300.363,3415.748,0.46670714706230804,0.45094163855179015,5.593913154401501,5.404949077039641
q_proj_2560x2560,14,C-A-B,1642.654,26250.04,101.654,3273.052,3374.706,0.5018722586747781,0.486754698038881,8.020049788393218,7.778467220551954
q_proj_2560x2560,15,A-B-C,1216.211,29265.366,105.037,3552.993,3658.0299999999997,0.3423060501385733,0.33247704365464475,8.236820618560184,8.000307815955583
q_proj_2560x2560,16,B-C-A,1237.644,22732.573,105.569,5487.877,5593.446000000001,0.2255232761229889,0.2212668183441835,4.142325529526262,4.06414453630195
q_proj_2560x2560,17,C-A-B,1271.331,27137.97,106.208,4062.093,4168.3009999999995,0.31297437060155936,0.30499980687575107,6.680785004183805,6.510559098299284
q_proj_2560x2560,18,A-B-C,1290.961,26621.842,112.999,3517.238,3630.2369999999996,0.36703828401717487,0.3556134213826811,7.56896235057167,7.3333619816006514
q_proj_2560x2560,19,B-C-A,1240.142,18459.713,105.479,3635.776,3741.2549999999997,0.3410941708180042,0.33147753895417453,5.0772415572356495,4.934096446245979
q_proj_2560x2560,20,C-A-B,1254.532,27171.568,118.416,3519.152,3637.568,0.35648701732690147,0.3448820750567412,7.721055527013325,7.469707232964441
q_proj_2560x2560,21,A-B-C,1241.597,27376.699,103.886,3505.391,3609.277,0.35419643628913294,0.3440015825884242,7.809884546402955,7.585092249777449
q_proj_2560x2560,22,B-C-A,1260.952,18398.706,103.205,3498.641,3601.846,0.3604119428086506,0.35008492867268615,5.258815065621193,5.108132329921934
q_proj_2560x2560,23,C-A-B,1241.457,27364.185,101.791,3512.575,3614.366,0.35343216870814154,0.3434784966436714,7.790348960520417,7.570950202608148
q_proj_2560x2560,24,A-B-C,1234.061,27198.728,107.967,3531.148,3639.1150000000002,0.3494786964465947,0.339110195748142,7.702517141734075,7.4739951883905835
q_proj_2560x2560,25,B-C-A,1237.238,18502.447,103.494,3544.43,3647.924,0.34906543506290155,0.3391622193883425,5.220147386180571,5.072048376007833
q_proj_2560x2560,26,C-A-B,1229.657,27260.668,102.148,3521.167,3623.315,0.34921859712987197,0.3393734742908083,7.741941237095543,7.52368149056872
q_proj_2560x2560,27,A-B-C,1256.903,27050.052,100.82,3043.255,3144.0750000000003,0.4130127117182096,0.3997687714192568,8.888526265462474,8.603500870685336
q_proj_2560x2560,28,B-C-A,1366.148,20279.05,105.026,4150.81,4255.836,0.32912804970596093,0.32100579063666923,4.885564504277478,4.764997993343728
q_proj_2560x2560,29,C-A-B,1751.774,27375.527,186.547,3714.163,3900.71,0.47164704403118546,0.4490910629090601,7.37057770485571,7.018088245473259
