layer,trial,order,baseline_a_us,baseline_b_us,activation_pack_us,proposed_kernel_us
k_proj_640x2560,0,A-B-C,283.540,3577.772,91.608,496.410
k_proj_640x2560,1,B-C-A,314.360,2439.007,90.789,495.305
k_proj_640x2560,2,C-A-B,255.660,3526.707,87.207,498.862
k_proj_640x2560,3,A-B-C,247.681,3741.032,85.798,491.877
k_proj_640x2560,4,B-C-A,314.974,2441.033,91.820,485.077
k_proj_640x2560,5,C-A-B,247.583,3619.047,97.449,487.231
k_proj_640x2560,6,A-B-C,246.224,3702.051,87.197,527.959
k_proj_640x2560,7,B-C-A,309.314,2448.044,91.812,496.615
k_proj_640x2560,8,C-A-B,254.386,3526.350,90.125,508.244
k_proj_640x2560,9,A-B-C,252.801,3597.679,100.967,496.069
k_proj_640x2560,10,B-C-A,280.242,2435.894,87.553,498.208
k_proj_640x2560,11,C-A-B,249.224,3584.159,87.178,502.323
k_proj_640x2560,12,A-B-C,246.223,3595.423,86.098,488.951
k_proj_640x2560,13,B-C-A,323.126,2540.615,87.342,490.884
k_proj_640x2560,14,C-A-B,253.655,3560.110,89.240,490.113
k_proj_640x2560,15,A-B-C,257.609,3568.650,94.308,487.978
k_proj_640x2560,16,B-C-A,289.079,4074.934,98.911,499.672
k_proj_640x2560,17,C-A-B,249.400,3692.823,113.835,492.870
k_proj_640x2560,18,A-B-C,272.132,3643.476,98.939,496.725
k_proj_640x2560,19,B-C-A,286.827,2452.162,95.715,494.987
k_proj_640x2560,20,C-A-B,256.979,3629.471,88.190,506.385
k_proj_640x2560,21,A-B-C,250.558,3596.039,93.018,493.710
k_proj_640x2560,22,B-C-A,285.373,2431.482,87.422,508.201
k_proj_640x2560,23,C-A-B,241.936,3629.141,85.481,502.194
k_proj_640x2560,24,A-B-C,242.189,3621.017,85.360,487.895
k_proj_640x2560,25,B-C-A,358.366,2481.286,85.045,485.754
k_proj_640x2560,26,C-A-B,305.769,4688.602,88.937,635.603
k_proj_640x2560,27,A-B-C,308.480,5242.938,129.947,501.509
k_proj_640x2560,28,B-C-A,316.727,2439.835,93.821,494.101
k_proj_640x2560,29,C-A-B,258.608,3515.924,87.727,519.952
gate_proj_6912x2560,0,A-B-C,3406.006,71438.068,102.710,8571.071
gate_proj_6912x2560,1,B-C-A,7403.027,54477.897,99.434,16230.102
gate_proj_6912x2560,2,C-A-B,7416.714,150727.605,101.892,14414.153
gate_proj_6912x2560,3,A-B-C,7502.191,89507.006,102.820,8594.393
gate_proj_6912x2560,4,B-C-A,11505.651,101445.521,102.169,24629.931
gate_proj_6912x2560,5,C-A-B,12341.077,191488.488,106.844,22616.437
gate_proj_6912x2560,6,A-B-C,3145.087,39252.084,91.150,5585.643
gate_proj_6912x2560,7,B-C-A,3124.656,39974.799,95.761,6300.220
gate_proj_6912x2560,8,C-A-B,3205.312,39051.974,92.426,5474.694
gate_proj_6912x2560,9,A-B-C,3156.300,38834.995,93.871,5464.464
gate_proj_6912x2560,10,B-C-A,3187.475,26648.489,95.685,5427.006
gate_proj_6912x2560,11,C-A-B,3675.450,38810.104,95.746,5870.179
gate_proj_6912x2560,12,A-B-C,3177.317,38961.498,93.498,5417.814
gate_proj_6912x2560,13,B-C-A,3212.173,26693.578,92.661,5534.613
gate_proj_6912x2560,14,C-A-B,3191.147,39066.799,102.660,5395.626
gate_proj_6912x2560,15,A-B-C,3195.280,40282.475,91.345,5505.987
gate_proj_6912x2560,16,B-C-A,3216.656,26492.204,101.818,5439.823
gate_proj_6912x2560,17,C-A-B,3211.949,39203.213,91.926,5563.688
gate_proj_6912x2560,18,A-B-C,3149.089,38967.774,92.254,5438.047
gate_proj_6912x2560,19,B-C-A,3172.455,26452.753,98.663,5518.199
gate_proj_6912x2560,20,C-A-B,3502.674,40918.892,91.215,5614.406
gate_proj_6912x2560,21,A-B-C,3173.116,39286.236,91.697,6359.709
gate_proj_6912x2560,22,B-C-A,3239.603,30649.745,90.643,5452.385
gate_proj_6912x2560,23,C-A-B,3223.349,39179.793,103.458,5451.729
gate_proj_6912x2560,24,A-B-C,3187.646,38877.501,92.294,5492.812
gate_proj_6912x2560,25,B-C-A,3216.593,26603.399,93.583,5422.325
gate_proj_6912x2560,26,C-A-B,3213.394,38718.351,93.254,5440.545
gate_proj_6912x2560,27,A-B-C,3180.245,38705.099,91.988,5430.832
gate_proj_6912x2560,28,B-C-A,3258.775,26509.938,91.377,5498.751
gate_proj_6912x2560,29,C-A-B,3176.854,41252.246,98.978,5538.974
q_proj_2560x2560,0,A-B-C,2195.657,73002.624,113.331,10284.048
q_proj_2560x2560,1,B-C-A,1221.413,45988.461,107.429,19234.205
q_proj_2560x2560,2,C-A-B,1182.164,119741.108,103.480,19211.006
q_proj_2560x2560,3,A-B-C,9010.166,126816.963,102.698,17348.970
q_proj_2560x2560,4,B-C-A,1271.482,79110.749,98.449,7033.312
q_proj_2560x2560,5,C-A-B,1228.171,71564.270,103.975,8068.843
q_proj_2560x2560,6,A-B-C,1258.720,83171.432,105.998,3507.516
q_proj_2560x2560,7,B-C-A,1246.606,18467.770,105.499,3508.997
q_proj_2560x2560,8,C-A-B,1238.061,29673.514,105.165,3325.546
q_proj_2560x2560,9,A-B-C,1232.994,23545.450,104.476,3229.056
q_proj_2560x2560,10,B-C-A,1209.131,17827.791,107.503,3246.813
q_proj_2560x2560,11,C-A-B,1204.384,28637.783,107.083,3252.958
q_proj_2560x2560,12,A-B-C,1230.230,29570.086,107.391,3220.721
q_proj_2560x2560,13,B-C-A,1540.303,18461.944,115.385,3300.363
q_proj_2560x2560,14,C-A-B,1642.654,26250.040,101.654,3273.052
q_proj_2560x2560,15,A-B-C,1216.211,29265.366,105.037,3552.993
q_proj_2560x2560,16,B-C-A,1237.644,22732.573,105.569,5487.877
q_proj_2560x2560,17,C-A-B,1271.331,27137.970,106.208,4062.093
q_proj_2560x2560,18,A-B-C,1290.961,26621.842,112.999,3517.238
q_proj_2560x2560,19,B-C-A,1240.142,18459.713,105.479,3635.776
q_proj_2560x2560,20,C-A-B,1254.532,27171.568,118.416,3519.152
q_proj_2560x2560,21,A-B-C,1241.597,27376.699,103.886,3505.391
q_proj_2560x2560,22,B-C-A,1260.952,18398.706,103.205,3498.641
q_proj_2560x2560,23,C-A-B,1241.457,27364.185,101.791,3512.575
q_proj_2560x2560,24,A-B-C,1234.061,27198.728,107.967,3531.148
q_proj_2560x2560,25,B-C-A,1237.238,18502.447,103.494,3544.430
q_proj_2560x2560,26,C-A-B,1229.657,27260.668,102.148,3521.167
q_proj_2560x2560,27,A-B-C,1256.903,27050.052,100.820,3043.255
q_proj_2560x2560,28,B-C-A,1366.148,20279.050,105.026,4150.810
q_proj_2560x2560,29,C-A-B,1751.774,27375.527,186.547,3714.163
