layer,metric,mean_us,median_us,std_us,cv_percent,min_us,max_us
gate_proj_6912x2560,baseline_a_us,4232.242033333333,3212.0609999999997,2455.9261695515825,58.02896314077963,3124.656,12341.077
gate_proj_6912x2560,baseline_b_us,50615.950800000006,39059.3865,37342.402191572844,73.77595718615413,26452.753,191488.488
gate_proj_6912x2560,activation_pack_us,96.12733333333333,93.727,4.872319997795662,5.0686103825436355,90.643,106.844
gate_proj_6912x2560,proposed_kernel_us,7623.151933333334,5512.093,5047.678877656849,66.21511576576539,5395.626,24629.931
gate_proj_6912x2560,proposed_total_us,7719.279266666666,5607.097,5050.560149801884,65.42787189486945,5498.286,24732.100000000002
k_proj_640x2560,baseline_a_us,275.30083333333334,258.1085,30.98131693966691,11.253622651463186,241.936,358.366
k_proj_640x2560,baseline_b_us,3368.0900999999994,3580.9655000000002,703.120539340179,20.875942105592102,2431.482,5242.938
k_proj_640x2560,activation_pack_us,92.62796666666667,89.6825,9.339131431530573,10.08241006211289,85.045,129.947
k_proj_640x2560,proposed_kernel_us,502.0554666666667,496.2395,26.97755681115045,5.373421584325035,485.077,635.603
k_proj_640x2560,proposed_total_us,594.6834333333333,587.97,27.7153594360206,4.660523209915203,570.799,724.54
q_proj_2560x2560,baseline_a_us,1574.7581333333333,1241.527,1419.9299846165006,90.16813150924304,1182.164,9010.166
q_proj_2560x2560,baseline_b_us,38800.83596666667,27229.698,29517.49983155527,76.07439143041505,17827.791,126816.963
q_proj_2560x2560,activation_pack_us,108.6036,105.322,15.337079114535376,14.122072486119592,98.449,186.547
q_proj_2560x2560,proposed_kernel_us,5561.403833333332,3520.1594999999998,4710.460997016167,84.69913601280172,3043.255,19234.205
q_proj_2560x2560,proposed_total_us,5670.007433333333,3633.9025,4709.071959969159,83.05230663870134,3144.0750000000003,19341.634000000002
