layer,trial,activation_pack_us,proposed_kernel_us,proposed_total_us
k_proj_640x2560,0,86.3654,1211.01,1297.38
k_proj_640x2560,1,97.6963,1556.3,1653.99
k_proj_640x2560,2,101.769,1215.55,1317.32
k_proj_640x2560,3,97.3,1089.13,1186.43
k_proj_640x2560,4,92.4616,1079.6,1172.06
k_proj_640x2560,5,92.6999,1096.4,1189.1
k_proj_640x2560,6,93.7654,1085.77,1179.53
k_proj_640x2560,7,93.3155,1112.16,1205.47
k_proj_640x2560,8,92.7539,1132.22,1224.97
k_proj_640x2560,9,94.8075,1108.29,1203.1
k_proj_640x2560,10,97.6154,1069.77,1167.39
k_proj_640x2560,11,93.8346,1088.24,1182.07
k_proj_640x2560,12,93.1577,1083.78,1176.94
k_proj_640x2560,13,97.2963,1076.7,1174
k_proj_640x2560,14,93.8614,1096.43,1190.29
k_proj_640x2560,15,94.3692,1089.68,1184.05
k_proj_640x2560,16,99.0501,1080.96,1180.01
k_proj_640x2560,17,98.8615,1107.39,1206.25
k_proj_640x2560,18,98.3769,1070.72,1169.1
k_proj_640x2560,19,99.8193,1080.97,1180.79
k_proj_640x2560,20,90.3999,1068,1158.4
k_proj_640x2560,21,92.5922,1077.59,1170.18
k_proj_640x2560,22,92.7653,1078.05,1170.82
k_proj_640x2560,23,90.5769,1076.3,1166.87
k_proj_640x2560,24,90.7154,1076.35,1167.07
k_proj_640x2560,25,92.6461,1077.1,1169.74
k_proj_640x2560,26,92.3309,1096.15,1188.48
k_proj_640x2560,27,91.6772,1073.63,1165.3
k_proj_640x2560,28,92.6231,1077.64,1170.27
k_proj_640x2560,29,92.8117,1089.88,1182.69
k_proj_640x2560,30,97.5153,1164.83,1262.34
k_proj_640x2560,31,92.5808,1094.83,1187.42
k_proj_640x2560,32,97.8346,1075.94,1173.77
k_proj_640x2560,33,98.3075,1107.02,1205.33
k_proj_640x2560,34,93.5423,1094.67,1188.21
k_proj_640x2560,35,92.1153,1082.03,1174.15
k_proj_640x2560,36,96.6654,1081.63,1178.3
k_proj_640x2560,37,91.15,1074.98,1166.13
k_proj_640x2560,38,92.4155,1086.45,1178.87
k_proj_640x2560,39,93.7578,1084.72,1178.48
k_proj_640x2560,40,94.6691,1095.83,1190.5
k_proj_640x2560,41,87.5,1032.18,1119.68
k_proj_640x2560,42,89.577,1052.06,1141.64
k_proj_640x2560,43,93.9153,1093.94,1187.85
k_proj_640x2560,44,96.6115,1081.64,1178.25
k_proj_640x2560,45,93.9232,1096.25,1190.17
k_proj_640x2560,46,92.4154,1087.45,1179.87
k_proj_640x2560,47,91.1384,1072.71,1163.85
k_proj_640x2560,48,95.9343,1083.78,1179.72
k_proj_640x2560,49,93.7809,1086.64,1180.42
k_proj_640x2560,50,91.4769,1077.58,1169.06
k_proj_640x2560,51,97.8999,1083.79,1181.69
k_proj_640x2560,52,93.2462,1078.4,1171.65
k_proj_640x2560,53,93.7001,1102.96,1196.66
k_proj_640x2560,54,92.1193,1088.94,1181.06
k_proj_640x2560,55,95.15,1101.53,1196.68
k_proj_640x2560,56,92.9232,1100.16,1193.08
k_proj_640x2560,57,98.3501,1179.99,1278.34
k_proj_640x2560,58,93.2808,1122.43,1215.72
k_proj_640x2560,59,89.6806,1102.25,1191.93
q_proj_2560x2560,0,91.9193,4681.87,4773.79
q_proj_2560x2560,1,97.4691,4719.53,4817
q_proj_2560x2560,2,95.6847,4731.39,4827.08
q_proj_2560x2560,3,101.357,4717.07,4818.43
q_proj_2560x2560,4,93.3156,4747.1,4840.41
q_proj_2560x2560,5,92.519,4717.47,4809.99
q_proj_2560x2560,6,94.7153,4704.26,4798.97
q_proj_2560x2560,7,86.9961,4519.73,4606.73
q_proj_2560x2560,8,86.9963,4532.03,4619.03
q_proj_2560x2560,9,92.8078,4477.49,4570.3
q_proj_2560x2560,10,87.2155,4531.36,4618.58
q_proj_2560x2560,11,86.9461,4552.57,4639.52
q_proj_2560x2560,12,86.5269,4491.48,4578
q_proj_2560x2560,13,89.354,4583.65,4673.01
q_proj_2560x2560,14,91.769,4704.92,4796.69
q_proj_2560x2560,15,99.9655,4724.94,4824.91
q_proj_2560x2560,16,92.8999,4707.85,4800.75
q_proj_2560x2560,17,93.2116,4721.12,4814.33
q_proj_2560x2560,18,91.2769,4620.45,4711.73
q_proj_2560x2560,19,90.2001,4586.67,4676.87
q_proj_2560x2560,20,90.3344,4713.91,4804.25
q_proj_2560x2560,21,92.2845,4720.61,4812.9
q_proj_2560x2560,22,98.4309,4757.36,4855.79
q_proj_2560x2560,23,93.2076,4733.54,4826.75
q_proj_2560x2560,24,100.631,4739.37,4840
q_proj_2560x2560,25,94.8576,4727.69,4822.55
q_proj_2560x2560,26,93.7422,4733.08,4826.83
q_proj_2560x2560,27,97.9308,4710.12,4808.05
q_proj_2560x2560,28,93.5924,4761.61,4855.2
q_proj_2560x2560,29,105.077,4743.54,4848.62
q_proj_2560x2560,30,90.7693,4701.94,4792.71
q_proj_2560x2560,31,99.196,4762.2,4861.39
q_proj_2560x2560,32,93.2537,4741.13,4834.39
q_proj_2560x2560,33,92.8116,4714.03,4806.84
q_proj_2560x2560,34,89.5575,4619.58,4709.14
q_proj_2560x2560,35,90.5499,4708.52,4799.07
q_proj_2560x2560,36,92.477,4682.47,4774.94
q_proj_2560x2560,37,93.1153,4747.69,4840.8
q_proj_2560x2560,38,92.5808,4673.58,4766.16
q_proj_2560x2560,39,90.7768,4667.9,4758.68
q_proj_2560x2560,40,89.4768,4641.9,4731.37
q_proj_2560x2560,41,91.2923,4746.7,4837.99
q_proj_2560x2560,42,92.7269,4734.87,4827.6
q_proj_2560x2560,43,90.9846,4657.61,4748.6
q_proj_2560x2560,44,106.715,4707.99,4814.71
q_proj_2560x2560,45,89.7847,4635.34,4725.12
q_proj_2560x2560,46,94.4999,4731.06,4825.56
q_proj_2560x2560,47,92.7308,4702.1,4794.83
q_proj_2560x2560,48,93.7231,4753.13,4846.86
q_proj_2560x2560,49,98.7383,4782.79,4881.53
q_proj_2560x2560,50,94.2846,4765.55,4859.83
q_proj_2560x2560,51,91.4116,4684.59,4776
q_proj_2560x2560,52,93.2578,4751,4844.25
q_proj_2560x2560,53,92.9423,4739.05,4832
q_proj_2560x2560,54,94.6152,4678.27,4772.88
q_proj_2560x2560,55,94.6307,4751.93,4846.56
q_proj_2560x2560,56,94.7424,4745.58,4840.32
q_proj_2560x2560,57,99.6079,4722.97,4822.58
q_proj_2560x2560,58,92.1075,4753.46,4845.57
q_proj_2560x2560,59,104.681,4713.35,4818.03
gate_proj_6912x2560,0,93.5002,10878.1,10971.6
gate_proj_6912x2560,1,91.4732,10828.7,10920.2
gate_proj_6912x2560,2,92.8079,10852.6,10945.4
gate_proj_6912x2560,3,107.269,10873.9,10981.2
gate_proj_6912x2560,4,100.373,10891,10991.3
gate_proj_6912x2560,5,100.589,10884.9,10985.5
gate_proj_6912x2560,6,91.5536,10801.4,10892.9
gate_proj_6912x2560,7,91.9806,10864.9,10956.9
gate_proj_6912x2560,8,90.8537,10790.4,10881.3
gate_proj_6912x2560,9,91.973,10858.1,10950
gate_proj_6912x2560,10,102.031,10889.6,10991.6
gate_proj_6912x2560,11,95.4424,10878.9,10974.3
gate_proj_6912x2560,12,92.4654,10815.5,10907.9
gate_proj_6912x2560,13,94.3769,10897.4,10991.8
gate_proj_6912x2560,14,92.981,10858.7,10951.6
gate_proj_6912x2560,15,94.6809,10897.6,10992.3
gate_proj_6912x2560,16,91.9692,10826.8,10918.8
gate_proj_6912x2560,17,93.9923,10877.1,10971.1
gate_proj_6912x2560,18,99.8385,10867.1,10966.9
gate_proj_6912x2560,19,93.7308,10876.3,10970.1
gate_proj_6912x2560,20,91.5614,10847.8,10939.3
gate_proj_6912x2560,21,99.0383,10729.4,10828.4
gate_proj_6912x2560,22,87.1577,10646.6,10733.8
gate_proj_6912x2560,23,87.3114,10606.3,10693.6
gate_proj_6912x2560,24,95.7924,10765.8,10861.6
gate_proj_6912x2560,25,92.2578,10820.1,10912.3
gate_proj_6912x2560,26,91.6114,10817.8,10909.4
gate_proj_6912x2560,27,94.3731,10860.8,10955.1
gate_proj_6912x2560,28,92.8614,10888.3,10981.1
gate_proj_6912x2560,29,91.7194,10838.9,10930.6
gate_proj_6912x2560,30,92.9038,10925.5,11018.4
gate_proj_6912x2560,31,93.227,10884.4,10977.6
gate_proj_6912x2560,32,91.9769,10876,10968
gate_proj_6912x2560,33,93.1617,10868.4,10961.5
gate_proj_6912x2560,34,93.2387,10852.5,10945.7
gate_proj_6912x2560,35,90.2655,10727.1,10817.3
gate_proj_6912x2560,36,93.8039,10874.9,10968.7
gate_proj_6912x2560,37,94.4808,10888,10982.5
gate_proj_6912x2560,38,92.7807,10899.9,10992.7
gate_proj_6912x2560,39,93.6768,10921.4,11015.1
gate_proj_6912x2560,40,93.4425,10894.1,10987.5
gate_proj_6912x2560,41,94.6809,10907.4,11002.1
gate_proj_6912x2560,42,94.5577,10883.2,10977.7
gate_proj_6912x2560,43,91.4923,10864.8,10956.3
gate_proj_6912x2560,44,91.1077,10775,10866.2
gate_proj_6912x2560,45,93.8231,10874.6,10968.4
gate_proj_6912x2560,46,94.9692,10902.4,10997.4
gate_proj_6912x2560,47,93.6384,10857.1,10950.7
gate_proj_6912x2560,48,93.9769,10904.1,10998
gate_proj_6912x2560,49,104.796,10886.7,10991.5
gate_proj_6912x2560,50,94.5078,10907.6,11002.1
gate_proj_6912x2560,51,99.5769,10885.8,10985.4
gate_proj_6912x2560,52,98.2961,10884.5,10982.8
gate_proj_6912x2560,53,100.762,10836.4,10937.1
gate_proj_6912x2560,54,95.1771,10749.6,10844.7
gate_proj_6912x2560,55,95.0039,10882.2,10977.2
gate_proj_6912x2560,56,94.9385,10887.8,10982.8
gate_proj_6912x2560,57,93.4386,10880.8,10974.3
gate_proj_6912x2560,58,93.1962,10891.7,10984.9
gate_proj_6912x2560,59,93.4308,10857.5,10950.9
