layer,trial,baseline_a_us,baseline_b_us,activation_pack_us,proposed_kernel_us,proposed_total_us
k_proj_640x2560,0,683.823,2932.57,81.8269,1519.62,1601.44
k_proj_640x2560,1,684.465,2921.87,81.8153,1498.89,1580.71
k_proj_640x2560,2,678.7,2928.8,81.8115,1507.39,1589.2
k_proj_640x2560,3,682.496,2915.62,88.15,1501.04,1589.19
k_proj_640x2560,4,687.565,2915.19,81.8772,1492.07,1573.95
k_proj_640x2560,5,680.523,2920.13,81.6615,1517.22,1598.88
k_proj_640x2560,6,681.258,2925.35,81.7923,1505.53,1587.32
k_proj_640x2560,7,685.665,2864.98,81.3962,1504.62,1586.02
k_proj_640x2560,8,680.269,2921.3,81.7424,1507.85,1589.6
k_proj_640x2560,9,678.681,2914.6,87.9768,1507.57,1595.54
k_proj_640x2560,10,683.65,2950.78,81.4962,1510.37,1591.86
k_proj_640x2560,11,682.262,2952.92,81.4536,1517.43,1598.88
k_proj_640x2560,12,670.904,2947.93,81.6116,1513.7,1595.31
k_proj_640x2560,13,674.904,2957.98,81.6805,1515.73,1597.41
k_proj_640x2560,14,671.858,2944.54,81.4808,1510.32,1591.8
k_proj_640x2560,15,680.369,2883.55,81.6537,1515.67,1597.32
k_proj_640x2560,16,675.431,2922.95,87.8923,1513.97,1601.86
k_proj_640x2560,17,687.688,2887.57,81.6464,1492.08,1573.72
k_proj_640x2560,18,690.512,2931.61,81.5346,1513.67,1595.21
k_proj_640x2560,19,675.573,2968.13,81.542,1518.06,1599.6
k_proj_640x2560,20,678.935,2891.95,81.8383,1508.12,1589.96
k_proj_640x2560,21,686.611,2918.19,81.8998,1507.87,1589.77
k_proj_640x2560,22,682.504,2929.99,81.9154,1510.5,1592.42
k_proj_640x2560,23,678.527,2941.62,81.8538,1508.98,1590.83
k_proj_640x2560,24,680.404,2936,81.6115,1503.98,1585.59
k_proj_640x2560,25,677.527,2939.88,81.6349,1503.37,1585
k_proj_640x2560,26,673.412,2847.49,81.4537,1493.17,1574.63
k_proj_640x2560,27,682.635,2840.97,86.0463,1583.93,1669.98
k_proj_640x2560,28,671.119,2961.18,87.3424,1531.85,1619.2
k_proj_640x2560,29,682.35,2941.7,81.8618,1508.8,1590.66
k_proj_640x2560,30,678.727,2941.35,81.5924,1510.44,1592.03
k_proj_640x2560,31,681.215,2952.5,81.6653,1510.03,1591.7
k_proj_640x2560,32,673.823,2957.61,81.95,1512.59,1594.54
k_proj_640x2560,33,687.912,2925.93,81.3422,1513.02,1594.36
k_proj_640x2560,34,679.073,2962.02,81.5306,1508.82,1590.35
k_proj_640x2560,35,687.507,2943.38,81.723,1515.8,1597.52
k_proj_640x2560,36,678.915,2949.63,81.5269,1515.87,1597.39
k_proj_640x2560,37,677.335,2845.38,81.7113,1500.73,1582.44
k_proj_640x2560,38,690.115,2864.19,81.5154,1544.03,1625.55
k_proj_640x2560,39,679.911,2908.43,81.6116,1508.52,1590.13
k_proj_640x2560,40,690.319,2773.33,81.8385,1467.3,1549.13
k_proj_640x2560,41,685.358,2865.57,81.7115,1499.6,1581.31
k_proj_640x2560,42,680.946,2927.12,81.6309,1504.62,1586.25
k_proj_640x2560,43,682.166,2885.33,81.5078,1501.03,1582.53
k_proj_640x2560,44,670.342,2895.13,81.7232,1500.65,1582.37
k_proj_640x2560,45,684.458,2900.55,81.7384,1498.92,1580.66
k_proj_640x2560,46,680.181,2927.02,87.2038,1510.37,1597.58
k_proj_640x2560,47,674.654,2929.5,81.9846,1502.47,1584.46
k_proj_640x2560,48,692.608,2881.72,82.2,1516.98,1599.18
k_proj_640x2560,49,674.631,2960.54,81.6732,1513.93,1595.6
k_proj_640x2560,50,682.489,2940.72,81.5925,1521.28,1602.87
k_proj_640x2560,51,678.519,2966.21,81.7423,1527.26,1609
k_proj_640x2560,52,685.388,2923.93,81.7078,1503.26,1584.97
k_proj_640x2560,53,676.719,2959.3,81.8076,1504.87,1586.68
k_proj_640x2560,54,680.734,2941.63,87.9921,1507.92,1595.91
k_proj_640x2560,55,686.066,2940.32,81.7808,1503.82,1585.6
k_proj_640x2560,56,681.796,2962.98,81.6807,1513.3,1594.98
k_proj_640x2560,57,679.3,2827.38,81.6307,1544.8,1626.43
k_proj_640x2560,58,684.088,2862.66,87.5999,1515.49,1603.09
k_proj_640x2560,59,671.819,2946.05,81.6884,1521.21,1602.9
q_proj_2560x2560,0,2661.18,9784.92,82.15,4667.79,4749.94
q_proj_2560x2560,1,2649.62,9708.97,82.3002,4690.41,4772.71
q_proj_2560x2560,2,2667.07,9743.36,82.4117,4668.6,4751.01
q_proj_2560x2560,3,2653.57,9805.98,82.4305,4685.63,4768.06
q_proj_2560x2560,4,2654.07,9798.43,82.2692,4717.07,4799.34
q_proj_2560x2560,5,2650.9,9777.42,82.4731,4638.4,4720.87
q_proj_2560x2560,6,2645.07,9842.65,82.3269,4718.48,4800.8
q_proj_2560x2560,7,2660.25,9713.5,82.2386,4647.18,4729.42
q_proj_2560x2560,8,2652.46,9791.9,82.4346,4687.76,4770.19
q_proj_2560x2560,9,2658.04,9776.23,82.1728,4677.15,4759.32
q_proj_2560x2560,10,2649.8,9786.27,82.2808,4691.98,4774.26
q_proj_2560x2560,11,2646.75,9775,82.35,4690.55,4772.9
q_proj_2560x2560,12,2641.54,9863.55,82.3847,4730.64,4813.02
q_proj_2560x2560,13,2660.01,9729.78,82.2192,4687.72,4769.94
q_proj_2560x2560,14,2649.73,9680.01,82.2499,4710.85,4793.1
q_proj_2560x2560,15,2644.2,9802.5,87.5613,4646.9,4734.46
q_proj_2560x2560,16,2647.79,9766.83,87.9114,4654.58,4742.49
q_proj_2560x2560,17,2655.77,9787.8,82.2733,4684.49,4766.76
q_proj_2560x2560,18,2647.64,9831.07,88.4,4697.11,4785.51
q_proj_2560x2560,19,2649.1,9779.16,82.1498,4704.03,4786.18
q_proj_2560x2560,20,2647.24,9763.26,82.3116,4721.31,4803.62
q_proj_2560x2560,21,2652.6,9836.2,82.077,4678.32,4760.4
q_proj_2560x2560,22,2663.55,9779.06,82.1691,4712.77,4794.93
q_proj_2560x2560,23,2655.78,9834.22,82.1729,4692.33,4774.5
q_proj_2560x2560,24,2656.27,9806.64,82.2654,4676.62,4758.88
q_proj_2560x2560,25,2639.46,9752.58,82.1846,4660.98,4743.17
q_proj_2560x2560,26,2645.66,9882.07,99.6502,4702.07,4801.72
q_proj_2560x2560,27,2631.65,9869.99,82.1884,4710.11,4792.3
q_proj_2560x2560,28,2657.73,9843.04,82.6502,4692.17,4774.82
q_proj_2560x2560,29,2654.97,9869.61,82.2077,4685.65,4767.86
q_proj_2560x2560,30,2670.38,9879.87,87.6538,4695.82,4783.48
q_proj_2560x2560,31,2650.89,9704.17,82.1654,4601.13,4683.3
q_proj_2560x2560,32,2660.45,9868.74,81.9191,4738.42,4820.34
q_proj_2560x2560,33,2652.65,9814.58,82.2848,4685.52,4767.8
q_proj_2560x2560,34,2638.8,9869.16,82.3652,4697.08,4779.44
q_proj_2560x2560,35,2646.65,9882.34,82.3385,4696.98,4779.32
q_proj_2560x2560,36,2657.27,9844.27,82.3117,4652.11,4734.42
q_proj_2560x2560,37,2647.83,9698.55,82.227,4639.88,4722.11
q_proj_2560x2560,38,2662.35,9710.9,82.3846,4652.73,4735.12
q_proj_2560x2560,39,2639.62,9755.21,81.9113,4707.58,4789.49
q_proj_2560x2560,40,2643.51,9744.03,82.4193,4695.03,4777.45
q_proj_2560x2560,41,2654.63,9737.07,82.3423,4675.89,4758.23
q_proj_2560x2560,42,2655.8,9803.67,82.423,4645.36,4727.78
q_proj_2560x2560,43,2640.61,9682.3,82.223,4599.48,4681.71
q_proj_2560x2560,44,2653.35,9761.52,82.0579,4711.44,4793.5
q_proj_2560x2560,45,2650.68,9772.19,82.5692,4654.81,4737.38
q_proj_2560x2560,46,2675.53,9486.85,82.027,4552.68,4634.7
q_proj_2560x2560,47,2672.64,9796.48,87.5038,4678.18,4765.69
q_proj_2560x2560,48,2652.07,9864.12,82.1847,4706.6,4788.79
q_proj_2560x2560,49,2653.19,9779.16,82.0617,4681.04,4763.1
q_proj_2560x2560,50,2636.17,9723.14,82.3153,4658.99,4741.31
q_proj_2560x2560,51,2656.23,9824.68,88.6884,4657.73,4746.42
q_proj_2560x2560,52,2654.19,9865.69,82.5193,4680.33,4762.85
q_proj_2560x2560,53,2660.25,9783.82,82.0999,4752.33,4834.43
q_proj_2560x2560,54,2645.11,9790.36,82.2384,4692.53,4774.77
q_proj_2560x2560,55,2662.33,9711.85,87.5462,4653.36,4740.9
q_proj_2560x2560,56,2649.68,9747.14,82.3424,4698.2,4780.54
q_proj_2560x2560,57,2660.88,9762.08,82.296,4673.31,4755.61
q_proj_2560x2560,58,2645.37,9829.36,82.1617,4737.01,4819.17
q_proj_2560x2560,59,2667.7,9745.32,82.1616,4720.87,4803.03
gate_proj_6912x2560,0,7165.92,24975.4,82.7538,11426,11508.8
gate_proj_6912x2560,1,7098.5,24960.4,82.3269,11371.9,11454.3
gate_proj_6912x2560,2,7117.12,24937.9,82.6115,11290.1,11372.8
gate_proj_6912x2560,3,7122.93,24928.4,82.4617,11410.2,11492.6
gate_proj_6912x2560,4,7079.87,24949.1,82.0807,11405.7,11487.8
gate_proj_6912x2560,5,7106.51,24996.9,82.5269,11477.7,11560.2
gate_proj_6912x2560,6,7102.75,24887.3,82.4269,11310,11392.4
gate_proj_6912x2560,7,7103.95,24959.6,82.0002,11384.8,11466.8
gate_proj_6912x2560,8,7108.88,24957.2,82.2617,11395.3,11477.6
gate_proj_6912x2560,9,7083.62,24959.4,82.4921,11363.7,11446.2
gate_proj_6912x2560,10,7077.68,24999.6,82.3962,11345.1,11427.5
gate_proj_6912x2560,11,7131.1,24881.8,88.7655,11292.9,11381.6
gate_proj_6912x2560,12,7094.44,24853.2,82.3654,11322.1,11404.4
gate_proj_6912x2560,13,7108.08,24908.6,82.2346,11384.8,11467
gate_proj_6912x2560,14,7100.34,25024.6,88.8039,11433,11521.8
gate_proj_6912x2560,15,7088.57,24994.8,82.6229,11347.1,11429.7
gate_proj_6912x2560,16,7116.79,24965.4,82.2117,11419.6,11501.9
gate_proj_6912x2560,17,7103.85,24985.5,82.5576,11401.8,11484.4
gate_proj_6912x2560,18,7101.2,25043,88.7846,11418.3,11507.1
gate_proj_6912x2560,19,7087.09,25022.4,82.2075,11444.1,11526.3
gate_proj_6912x2560,20,7092.97,24953.7,82.4577,11408.9,11491.4
gate_proj_6912x2560,21,7107.68,25027.6,82.1808,11407.8,11489.9
gate_proj_6912x2560,22,7102.84,25003.7,82.3729,11436.4,11518.7
gate_proj_6912x2560,23,7136.73,24861.1,82.5039,11365.5,11448
gate_proj_6912x2560,24,7099.38,24936.3,82.6462,11350.5,11433.2
gate_proj_6912x2560,25,7124.16,24877.5,82.4577,11348.1,11430.6
gate_proj_6912x2560,26,7128.88,24991.7,82.2421,11407.1,11489.3
gate_proj_6912x2560,27,7096.6,25012.1,82.4695,11385.9,11468.4
gate_proj_6912x2560,28,7093.21,24945.3,88.4654,11376,11464.4
gate_proj_6912x2560,29,7097.54,25080.9,82.5539,11512.3,11594.8
gate_proj_6912x2560,30,7101.15,24923.5,82.4961,11379.2,11461.7
gate_proj_6912x2560,31,7148.77,25008.3,82.6269,11410.6,11493.2
gate_proj_6912x2560,32,7087.58,24974.4,82.7655,11366.1,11448.8
gate_proj_6912x2560,33,7113.25,24954.6,82.2692,11388.1,11470.4
gate_proj_6912x2560,34,7095.62,25002.6,82.4078,11431.4,11513.8
gate_proj_6912x2560,35,7077.82,24886,88.6498,11319.2,11407.8
gate_proj_6912x2560,36,7102.97,24953.6,82.5077,11410.5,11493
gate_proj_6912x2560,37,7116.15,24884.3,82.8308,11364.8,11447.6
gate_proj_6912x2560,38,7089.33,24903.6,95.0807,11373.6,11468.7
gate_proj_6912x2560,39,7102.99,24998,81.9616,11386.1,11468
gate_proj_6912x2560,40,7108.82,25001.2,82.2962,11389.2,11471.5
gate_proj_6912x2560,41,7148.55,24886.4,82.3808,11377.6,11460
gate_proj_6912x2560,42,7120.97,24877,82.404,11376.8,11459.2
gate_proj_6912x2560,43,7114.69,24958.3,82.6769,11385.5,11468.2
gate_proj_6912x2560,44,7097.05,24909.1,82.4808,11355.5,11437.9
gate_proj_6912x2560,45,7109.02,24962.7,82.3348,11458.2,11540.5
gate_proj_6912x2560,46,7089.84,24981.1,82.2963,11354.7,11437
gate_proj_6912x2560,47,7095.71,24943.1,89.1925,11346.7,11435.9
gate_proj_6912x2560,48,7095.98,24901.7,82.4534,11397.2,11479.7
gate_proj_6912x2560,49,7106.61,24823.8,82.4117,11265.2,11347.7
gate_proj_6912x2560,50,7136.44,25038.8,82.627,11467.3,11550
gate_proj_6912x2560,51,7106.27,24868.1,82.3002,11313.8,11396.1
gate_proj_6912x2560,52,7100.32,24941.4,82.454,11377.8,11460.2
gate_proj_6912x2560,53,7105.91,24967.7,82.5729,11361.7,11444.3
gate_proj_6912x2560,54,7101.46,24818,82.6769,11381.3,11464
gate_proj_6912x2560,55,7108.93,24848.4,82.3038,11306.3,11388.6
gate_proj_6912x2560,56,7131.72,24658.2,82.5039,11194.3,11276.8
gate_proj_6912x2560,57,7115.83,24644.9,82.3151,11205.7,11288
gate_proj_6912x2560,58,7096.16,24896.5,82.3309,11337.2,11419.5
gate_proj_6912x2560,59,7094.67,24837.8,82.8768,11307.4,11390.2
