layer,rows,cols,parameters,absmean_scale,negative_percent,zero_percent,positive_percent,bf16_bytes,int8_bytes,packed_2bit_bytes,bf16_to_2bit_ratio,int8_to_2bit_ratio,mismatches,verified
model.layers.0.mlp.down_proj.weight,2560,6912,17694720,2.1631433963775635,30.599947328920717,38.788220440899885,30.6118322301794,35389440,17694720,4423680,8.0,4.0,0,True
model.layers.0.mlp.gate_proj.weight,6912,2560,17694720,1.5512408018112183,30.365312364366318,38.933308919270836,30.701378716362846,35389440,17694720,4423680,8.0,4.0,0,True
model.layers.0.mlp.up_proj.weight,6912,2560,17694720,1.8309301137924194,30.729166666666668,38.54394983362268,30.72688349971065,35389440,17694720,4423680,8.0,4.0,0,True
model.layers.0.self_attn.k_proj.weight,640,2560,1638400,1.7940564155578613,27.07659912109375,45.84228515625,27.08111572265625,3276800,1638400,409600,8.0,4.0,0,True
model.layers.0.self_attn.o_proj.weight,2560,2560,6553600,0.965592622756958,26.117813110351562,47.80525207519531,26.076934814453125,13107200,6553600,1638400,8.0,4.0,0,True
model.layers.0.self_attn.q_proj.weight,2560,2560,6553600,1.2188506126403809,24.561065673828125,50.833648681640625,24.60528564453125,13107200,6553600,1638400,8.0,4.0,0,True
model.layers.0.self_attn.v_proj.weight,640,2560,1638400,2.2931177616119385,29.12762451171875,41.720458984375,29.15191650390625,3276800,1638400,409600,8.0,4.0,0,True
model.layers.1.mlp.down_proj.weight,2560,6912,17694720,1.2650271654129028,20.447523328993057,59.108971489800346,20.443505181206596,35389440,17694720,4423680,8.0,4.0,0,True
model.layers.1.mlp.gate_proj.weight,6912,2560,17694720,0.8077154755592346,20.035654703776043,59.916178385416664,20.048166910807293,35389440,17694720,4423680,8.0,4.0,0,True
model.layers.1.mlp.up_proj.weight,6912,2560,17694720,0.7442104816436768,20.01994945384838,59.97674447518808,20.003306070963543,35389440,17694720,4423680,8.0,4.0,0,True
model.layers.1.self_attn.k_proj.weight,640,2560,1638400,1.3455920219421387,28.9974365234375,42.0166015625,28.9859619140625,3276800,1638400,409600,8.0,4.0,0,True
model.layers.1.self_attn.o_proj.weight,2560,2560,6553600,1.6071072816848755,27.6695556640625,44.64385986328125,27.68658447265625,13107200,6553600,1638400,8.0,4.0,0,True
model.layers.1.self_attn.q_proj.weight,2560,2560,6553600,0.8356440663337708,28.083343505859375,43.79864501953125,28.118011474609375,13107200,6553600,1638400,8.0,4.0,0,True
model.layers.1.self_attn.v_proj.weight,640,2560,1638400,2.2568650245666504,29.66448974609375,40.63726806640625,29.6982421875,3276800,1638400,409600,8.0,4.0,0,True
model.layers.10.mlp.down_proj.weight,2560,6912,17694720,2.457449197769165,28.862344247323495,42.283732096354164,28.853923656322337,35389440,17694720,4423680,8.0,4.0,0,True
model.layers.10.mlp.gate_proj.weight,6912,2560,17694720,2.0193378925323486,28.576044153284144,42.8380047833478,28.585951063368057,35389440,17694720,4423680,8.0,4.0,0,True
model.layers.10.mlp.up_proj.weight,6912,2560,17694720,1.9991331100463867,30.7296300817419,38.54791711877893,30.722452799479168,35389440,17694720,4423680,8.0,4.0,0,True
model.layers.10.self_attn.k_proj.weight,640,2560,1638400,2.5187597274780273,23.84136962890625,52.26788330078125,23.8907470703125,3276800,1638400,409600,8.0,4.0,0,True
model.layers.10.self_attn.o_proj.weight,2560,2560,6553600,2.5585546493530273,31.399673461914062,37.267486572265625,31.332839965820312,13107200,6553600,1638400,8.0,4.0,0,True
model.layers.10.self_attn.q_proj.weight,2560,2560,6553600,1.602613091468811,24.5789794921875,50.87413024902344,24.546890258789062,13107200,6553600,1638400,8.0,4.0,0,True
model.layers.10.self_attn.v_proj.weight,640,2560,1638400,3.830033302307129,29.11309814453125,41.763671875,29.12322998046875,3276800,1638400,409600,8.0,4.0,0,True
model.layers.11.mlp.down_proj.weight,2560,6912,17694720,2.4796504974365234,30.735705340350115,38.5498951099537,30.714399549696182,35389440,17694720,4423680,8.0,4.0,0,True
model.layers.11.mlp.gate_proj.weight,6912,2560,17694720,2.0695559978485107,29.171408194082755,41.69759679723669,29.130995008680557,35389440,17694720,4423680,8.0,4.0,0,True
model.layers.11.mlp.up_proj.weight,6912,2560,17694720,2.070845127105713,30.11498345269097,39.75561636465567,30.129400182653356,35389440,17694720,4423680,8.0,4.0,0,True
model.layers.11.self_attn.k_proj.weight,640,2560,1638400,2.554462194442749,26.4847412109375,47.02685546875,26.4884033203125,3276800,1638400,409600,8.0,4.0,0,True
model.layers.11.self_attn.o_proj.weight,2560,2560,6553600,2.74879789352417,32.22148132324219,35.591033935546875,32.18748474121094,13107200,6553600,1638400,8.0,4.0,0,True
model.layers.11.self_attn.q_proj.weight,2560,2560,6553600,1.6803131103515625,24.718338012695312,50.560516357421875,24.721145629882812,13107200,6553600,1638400,8.0,4.0,0,True
model.layers.11.self_attn.v_proj.weight,640,2560,1638400,3.988187313079834,30.12384033203125,39.83843994140625,30.0377197265625,3276800,1638400,409600,8.0,4.0,0,True
model.layers.12.mlp.down_proj.weight,2560,6912,17694720,2.4585728645324707,28.931653058087385,42.14812102141204,28.920225920500577,35389440,17694720,4423680,8.0,4.0,0,True
model.layers.12.mlp.gate_proj.weight,6912,2560,17694720,2.098731517791748,28.526153564453125,42.9980073151765,28.47583912037037,35389440,17694720,4423680,8.0,4.0,0,True
model.layers.12.mlp.up_proj.weight,6912,2560,17694720,2.100806713104248,29.649742974175346,40.68643075448495,29.663826271339698,35389440,17694720,4423680,8.0,4.0,0,True
model.layers.12.self_attn.k_proj.weight,640,2560,1638400,2.78303599357605,24.42474365234375,51.0758056640625,24.49945068359375,3276800,1638400,409600,8.0,4.0,0,True
model.layers.12.self_attn.o_proj.weight,2560,2560,6553600,2.5833661556243896,29.419601440429688,41.17633056640625,29.404067993164062,13107200,6553600,1638400,8.0,4.0,0,True
model.layers.12.self_attn.q_proj.weight,2560,2560,6553600,1.8417413234710693,26.621612548828125,46.79022216796875,26.588165283203125,13107200,6553600,1638400,8.0,4.0,0,True
model.layers.12.self_attn.v_proj.weight,640,2560,1638400,3.9088995456695557,29.6387939453125,40.80792236328125,29.55328369140625,3276800,1638400,409600,8.0,4.0,0,True
model.layers.13.mlp.down_proj.weight,2560,6912,17694720,2.4288082122802734,29.274681939019096,41.43560904043692,29.28970902054398,35389440,17694720,4423680,8.0,4.0,0,True
model.layers.13.mlp.gate_proj.weight,6912,2560,17694720,2.1157469749450684,28.700245044849538,42.61585942021123,28.683895534939236,35389440,17694720,4423680,8.0,4.0,0,True
model.layers.13.mlp.up_proj.weight,6912,2560,17694720,2.0921502113342285,31.078994185836226,37.81016597041377,31.11083984375,35389440,17694720,4423680,8.0,4.0,0,True
model.layers.13.self_attn.k_proj.weight,640,2560,1638400,2.5182182788848877,26.59722900390625,46.7921142578125,26.61065673828125,3276800,1638400,409600,8.0,4.0,0,True
model.layers.13.self_attn.o_proj.weight,2560,2560,6553600,2.798586845397949,28.590179443359375,42.8087158203125,28.601104736328125,13107200,6553600,1638400,8.0,4.0,0,True
model.layers.13.self_attn.q_proj.weight,2560,2560,6553600,1.6434202194213867,27.325653076171875,45.381011962890625,27.2933349609375,13107200,6553600,1638400,8.0,4.0,0,True
model.layers.13.self_attn.v_proj.weight,640,2560,1638400,4.165648460388184,29.23773193359375,41.4140625,29.34820556640625,3276800,1638400,409600,8.0,4.0,0,True
model.layers.14.mlp.down_proj.weight,2560,6912,17694720,2.46903920173645,28.00551803023727,44.00032326027199,27.99415870949074,35389440,17694720,4423680,8.0,4.0,0,True
model.layers.14.mlp.gate_proj.weight,6912,2560,17694720,2.1594724655151367,28.123298927589698,43.80995008680556,28.066750985604745,35389440,17694720,4423680,8.0,4.0,0,True
model.layers.14.mlp.up_proj.weight,6912,2560,17694720,2.1317784786224365,29.548571551287615,40.9052813494647,29.546147099247687,35389440,17694720,4423680,8.0,4.0,0,True
model.layers.14.self_attn.k_proj.weight,640,2560,1638400,3.0345652103424072,23.04888916015625,53.97491455078125,22.9761962890625,3276800,1638400,409600,8.0,4.0,0,True
model.layers.14.self_attn.o_proj.weight,2560,2560,6553600,2.6059646606445312,30.689315795898438,38.60322570800781,30.70745849609375,13107200,6553600,1638400,8.0,4.0,0,True
model.layers.14.self_attn.q_proj.weight,2560,2560,6553600,1.9033664464950562,25.023513793945312,49.951385498046875,25.025100708007812,13107200,6553600,1638400,8.0,4.0,0,True
model.layers.14.self_attn.v_proj.weight,640,2560,1638400,4.20706844329834,33.1572265625,33.61846923828125,33.22430419921875,3276800,1638400,409600,8.0,4.0,0,True
model.layers.15.mlp.down_proj.weight,2560,6912,17694720,2.612734079360962,28.83345992476852,42.32612892433449,28.84041115089699,35389440,17694720,4423680,8.0,4.0,0,True
model.layers.15.mlp.gate_proj.weight,6912,2560,17694720,2.1739659309387207,28.024263735170717,44.14276123046875,27.832975034360533,35389440,17694720,4423680,8.0,4.0,0,True
model.layers.15.mlp.up_proj.weight,6912,2560,17694720,2.1298563480377197,29.14470531322338,41.73525774920428,29.120036937572337,35389440,17694720,4423680,8.0,4.0,0,True
model.layers.15.self_attn.k_proj.weight,640,2560,1638400,2.7184829711914062,31.13934326171875,37.8016357421875,31.05902099609375,3276800,1638400,409600,8.0,4.0,0,True
model.layers.15.self_attn.o_proj.weight,2560,2560,6553600,2.8107237815856934,32.425811767578125,35.16789245605469,32.40629577636719,13107200,6553600,1638400,8.0,4.0,0,True
model.layers.15.self_attn.q_proj.weight,2560,2560,6553600,1.6774566173553467,27.6942138671875,44.59141540527344,27.714370727539062,13107200,6553600,1638400,8.0,4.0,0,True
model.layers.15.self_attn.v_proj.weight,640,2560,1638400,4.493850231170654,35.04058837890625,29.94232177734375,35.01708984375,3276800,1638400,409600,8.0,4.0,0,True
model.layers.16.mlp.down_proj.weight,2560,6912,17694720,2.625638723373413,28.236078332971644,43.49390100549768,28.270020661530673,35389440,17694720,4423680,8.0,4.0,0,True
model.layers.16.mlp.gate_proj.weight,6912,2560,17694720,2.215384006500244,30.404075339988427,39.30353235315393,30.29239230685764,35389440,17694720,4423680,8.0,4.0,0,True
model.layers.16.mlp.up_proj.weight,6912,2560,17694720,2.1473615169525146,29.521410906756365,40.9662769458912,29.512312147352432,35389440,17694720,4423680,8.0,4.0,0,True
model.layers.16.self_attn.k_proj.weight,640,2560,1638400,3.0555264949798584,27.86834716796875,44.3321533203125,27.79949951171875,3276800,1638400,409600,8.0,4.0,0,True
model.layers.16.self_attn.o_proj.weight,2560,2560,6553600,2.8159539699554443,28.67901611328125,42.631500244140625,28.689483642578125,13107200,6553600,1638400,8.0,4.0,0,True
model.layers.16.self_attn.q_proj.weight,2560,2560,6553600,2.025465965270996,27.04083251953125,45.969085693359375,26.990081787109375,13107200,6553600,1638400,8.0,4.0,0,True
model.layers.16.self_attn.v_proj.weight,640,2560,1638400,4.270726203918457,33.78082275390625,32.4876708984375,33.73150634765625,3276800,1638400,409600,8.0,4.0,0,True
model.layers.17.mlp.down_proj.weight,2560,6912,17694720,2.6830968856811523,31.02981002242477,37.9486083984375,31.02158157913773,35389440,17694720,4423680,8.0,4.0,0,True
model.layers.17.mlp.gate_proj.weight,6912,2560,17694720,2.2381820678710938,28.177303738064236,43.798545554832174,28.024150707103587,35389440,17694720,4423680,8.0,4.0,0,True
model.layers.17.mlp.up_proj.weight,6912,2560,17694720,2.1656558513641357,30.10155571831597,39.81029934353299,30.088144938151043,35389440,17694720,4423680,8.0,4.0,0,True
model.layers.17.self_attn.k_proj.weight,640,2560,1638400,3.0328736305236816,23.25537109375,53.46002197265625,23.28460693359375,3276800,1638400,409600,8.0,4.0,0,True
model.layers.17.self_attn.o_proj.weight,2560,2560,6553600,3.0144541263580322,32.932861328125,34.16059875488281,32.90653991699219,13107200,6553600,1638400,8.0,4.0,0,True
model.layers.17.self_attn.q_proj.weight,2560,2560,6553600,1.9280712604522705,26.257492065429688,47.49516296386719,26.247344970703125,13107200,6553600,1638400,8.0,4.0,0,True
model.layers.17.self_attn.v_proj.weight,640,2560,1638400,4.596002578735352,27.528564453125,44.89532470703125,27.57611083984375,3276800,1638400,409600,8.0,4.0,0,True
model.layers.18.mlp.down_proj.weight,2560,6912,17694720,2.77242112159729,29.616913972077548,40.780645299840856,29.602440728081596,35389440,17694720,4423680,8.0,4.0,0,True
model.layers.18.mlp.gate_proj.weight,6912,2560,17694720,2.289987564086914,29.425551803023726,41.26013296621817,29.3143152307581,35389440,17694720,4423680,8.0,4.0,0,True
model.layers.18.mlp.up_proj.weight,6912,2560,17694720,2.1707637310028076,30.884953251591437,38.23174370659722,30.88330304181134,35389440,17694720,4423680,8.0,4.0,0,True
model.layers.18.self_attn.k_proj.weight,640,2560,1638400,2.6483147144317627,27.63421630859375,44.67999267578125,27.685791015625,3276800,1638400,409600,8.0,4.0,0,True
model.layers.18.self_attn.o_proj.weight,2560,2560,6553600,2.6731512546539307,27.844268798828125,44.3343505859375,27.821380615234375,13107200,6553600,1638400,8.0,4.0,0,True
model.layers.18.self_attn.q_proj.weight,2560,2560,6553600,1.6707843542099,27.107925415039062,45.8365478515625,27.055526733398438,13107200,6553600,1638400,8.0,4.0,0,True
model.layers.18.self_attn.v_proj.weight,640,2560,1638400,4.33772087097168,34.879638671875,30.34765625,34.772705078125,3276800,1638400,409600,8.0,4.0,0,True
model.layers.19.mlp.down_proj.weight,2560,6912,17694720,2.786564826965332,29.119364420572918,41.75486811885127,29.125767460575812,35389440,17694720,4423680,8.0,4.0,0,True
model.layers.19.mlp.gate_proj.weight,6912,2560,17694720,2.2947914600372314,30.413541440610533,39.29567125108507,30.2907873083044,35389440,17694720,4423680,8.0,4.0,0,True
model.layers.19.mlp.up_proj.weight,6912,2560,17694720,2.1719725131988525,27.975333884910302,44.03800681785301,27.986659297236688,35389440,17694720,4423680,8.0,4.0,0,True
model.layers.19.self_attn.k_proj.weight,640,2560,1638400,2.5246803760528564,29.32763671875,41.21820068359375,29.45416259765625,3276800,1638400,409600,8.0,4.0,0,True
model.layers.19.self_attn.o_proj.weight,2560,2560,6553600,2.8433837890625,32.50346374511719,35.01240539550781,32.484130859375,13107200,6553600,1638400,8.0,4.0,0,True
model.layers.19.self_attn.q_proj.weight,2560,2560,6553600,1.6231595277786255,28.2852783203125,43.450653076171875,28.264068603515625,13107200,6553600,1638400,8.0,4.0,0,True
model.layers.19.self_attn.v_proj.weight,640,2560,1638400,4.454370498657227,32.58544921875,34.858642578125,32.555908203125,3276800,1638400,409600,8.0,4.0,0,True
model.layers.2.mlp.down_proj.weight,2560,6912,17694720,1.7018612623214722,24.757729989510995,50.48925894278067,24.753011067708332,35389440,17694720,4423680,8.0,4.0,0,True
model.layers.2.mlp.gate_proj.weight,6912,2560,17694720,1.128249168395996,24.160484031394677,51.61737512659143,24.22214084201389,35389440,17694720,4423680,8.0,4.0,0,True
model.layers.2.mlp.up_proj.weight,6912,2560,17694720,1.0256297588348389,24.075390851056135,51.84831407335069,24.076295075593173,35389440,17694720,4423680,8.0,4.0,0,True
model.layers.2.self_attn.k_proj.weight,640,2560,1638400,1.482712745666504,30.93255615234375,38.225341796875,30.84210205078125,3276800,1638400,409600,8.0,4.0,0,True
model.layers.2.self_attn.o_proj.weight,2560,2560,6553600,1.9340933561325073,28.70147705078125,42.653533935546875,28.644989013671875,13107200,6553600,1638400,8.0,4.0,0,True
model.layers.2.self_attn.q_proj.weight,2560,2560,6553600,0.9968107342720032,28.852874755859375,42.32264709472656,28.824478149414062,13107200,6553600,1638400,8.0,4.0,0,True
model.layers.2.self_attn.v_proj.weight,640,2560,1638400,2.70686674118042,30.8489990234375,38.31390380859375,30.83709716796875,3276800,1638400,409600,8.0,4.0,0,True
model.layers.20.mlp.down_proj.weight,2560,6912,17694720,2.86134672164917,28.528724952980323,42.96360157154225,28.507673475477432,35389440,17694720,4423680,8.0,4.0,0,True
model.layers.20.mlp.gate_proj.weight,6912,2560,17694720,2.3209683895111084,29.327477349175346,41.42634073893229,29.24618191189236,35389440,17694720,4423680,8.0,4.0,0,True
model.layers.20.mlp.up_proj.weight,6912,2560,17694720,2.1746528148651123,28.390977647569443,43.16462198893229,28.444400363498264,35389440,17694720,4423680,8.0,4.0,0,True
model.layers.20.self_attn.k_proj.weight,640,2560,1638400,2.9852771759033203,23.11334228515625,53.787841796875,23.09881591796875,3276800,1638400,409600,8.0,4.0,0,True
model.layers.20.self_attn.o_proj.weight,2560,2560,6553600,2.5051686763763428,28.751495361328125,42.51361083984375,28.734893798828125,13107200,6553600,1638400,8.0,4.0,0,True
model.layers.20.self_attn.q_proj.weight,2560,2560,6553600,1.8413798809051514,25.752212524414062,48.54328918457031,25.704498291015625,13107200,6553600,1638400,8.0,4.0,0,True
model.layers.20.self_attn.v_proj.weight,640,2560,1638400,3.9600555896759033,30.5035400390625,39.06121826171875,30.43524169921875,3276800,1638400,409600,8.0,4.0,0,True
model.layers.21.mlp.down_proj.weight,2560,6912,17694720,2.8235318660736084,31.043254711009837,37.897610134548614,31.059135154441552,35389440,17694720,4423680,8.0,4.0,0,True
model.layers.21.mlp.gate_proj.weight,6912,2560,17694720,2.3372063636779785,29.725025318287038,40.5775225604022,29.697452121310764,35389440,17694720,4423680,8.0,4.0,0,True
model.layers.21.mlp.up_proj.weight,6912,2560,17694720,2.1698453426361084,30.75381808810764,38.49667584454572,30.749506067346644,35389440,17694720,4423680,8.0,4.0,0,True
model.layers.21.self_attn.k_proj.weight,640,2560,1638400,2.7618448734283447,28.093017578125,43.7647705078125,28.1422119140625,3276800,1638400,409600,8.0,4.0,0,True
model.layers.21.self_attn.o_proj.weight,2560,2560,6553600,2.662642240524292,28.290115356445312,43.42658996582031,28.283294677734375,13107200,6553600,1638400,8.0,4.0,0,True
model.layers.21.self_attn.q_proj.weight,2560,2560,6553600,1.6465563774108887,25.816940307617188,48.29193115234375,25.891128540039062,13107200,6553600,1638400,8.0,4.0,0,True
model.layers.21.self_attn.v_proj.weight,640,2560,1638400,3.8351714611053467,30.42547607421875,39.23199462890625,30.342529296875,3276800,1638400,409600,8.0,4.0,0,True
model.layers.22.mlp.down_proj.weight,2560,6912,17694720,2.8763835430145264,29.079810248480904,41.83610704210069,29.084082709418404,35389440,17694720,4423680,8.0,4.0,0,True
model.layers.22.mlp.gate_proj.weight,6912,2560,17694720,2.3953113555908203,28.887006971571182,42.26199114764178,28.851001880787038,35389440,17694720,4423680,8.0,4.0,0,True
model.layers.22.mlp.up_proj.weight,6912,2560,17694720,2.27498459815979,30.370082148799188,39.256891321252894,30.373026529947918,35389440,17694720,4423680,8.0,4.0,0,True
model.layers.22.self_attn.k_proj.weight,640,2560,1638400,2.456489086151123,26.67645263671875,46.67352294921875,26.6500244140625,3276800,1638400,409600,8.0,4.0,0,True
model.layers.22.self_attn.o_proj.weight,2560,2560,6553600,2.5210459232330322,28.311264038085938,43.439544677734375,28.249191284179688,13107200,6553600,1638400,8.0,4.0,0,True
model.layers.22.self_attn.q_proj.weight,2560,2560,6553600,1.5285873413085938,26.956710815429688,46.09877014160156,26.94451904296875,13107200,6553600,1638400,8.0,4.0,0,True
model.layers.22.self_attn.v_proj.weight,640,2560,1638400,3.966853618621826,33.6275634765625,32.80438232421875,33.56805419921875,3276800,1638400,409600,8.0,4.0,0,True
model.layers.23.mlp.down_proj.weight,2560,6912,17694720,2.9248902797698975,29.45118091724537,41.09838415075232,29.450434932002313,35389440,17694720,4423680,8.0,4.0,0,True
model.layers.23.mlp.gate_proj.weight,6912,2560,17694720,2.3736660480499268,30.94485812717014,38.11717280635127,30.937969066478587,35389440,17694720,4423680,8.0,4.0,0,True
model.layers.23.mlp.up_proj.weight,6912,2560,17694720,2.259284019470215,30.297687671802663,39.39778080692998,30.30453152126736,35389440,17694720,4423680,8.0,4.0,0,True
model.layers.23.self_attn.k_proj.weight,640,2560,1638400,2.8201160430908203,26.04156494140625,47.9097900390625,26.04864501953125,3276800,1638400,409600,8.0,4.0,0,True
model.layers.23.self_attn.o_proj.weight,2560,2560,6553600,2.560347080230713,30.655029296875,38.66947937011719,30.675491333007812,13107200,6553600,1638400,8.0,4.0,0,True
model.layers.23.self_attn.q_proj.weight,2560,2560,6553600,1.6927552223205566,25.741287231445312,48.44764709472656,25.811065673828125,13107200,6553600,1638400,8.0,4.0,0,True
model.layers.23.self_attn.v_proj.weight,640,2560,1638400,3.710329294204712,30.766845703125,38.4281005859375,30.8050537109375,3276800,1638400,409600,8.0,4.0,0,True
model.layers.24.mlp.down_proj.weight,2560,6912,17694720,2.9294681549072266,30.469495985243057,39.03779206452546,30.49271195023148,35389440,17694720,4423680,8.0,4.0,0,True
model.layers.24.mlp.gate_proj.weight,6912,2560,17694720,2.3518364429473877,29.585373489945024,40.843087655526624,29.571538854528356,35389440,17694720,4423680,8.0,4.0,0,True
model.layers.24.mlp.up_proj.weight,6912,2560,17694720,2.2403388023376465,29.428569652416087,41.14594636140046,29.425483986183448,35389440,17694720,4423680,8.0,4.0,0,True
model.layers.24.self_attn.k_proj.weight,640,2560,1638400,2.806533098220825,26.04443359375,47.9285888671875,26.0269775390625,3276800,1638400,409600,8.0,4.0,0,True
model.layers.24.self_attn.o_proj.weight,2560,2560,6553600,2.7727925777435303,29.153823852539062,41.682403564453125,29.163772583007812,13107200,6553600,1638400,8.0,4.0,0,True
model.layers.24.self_attn.q_proj.weight,2560,2560,6553600,1.7878341674804688,25.495025634765625,49.008880615234375,25.49609375,13107200,6553600,1638400,8.0,4.0,0,True
model.layers.24.self_attn.v_proj.weight,640,2560,1638400,3.8172967433929443,29.1236572265625,41.69573974609375,29.18060302734375,3276800,1638400,409600,8.0,4.0,0,True
model.layers.25.mlp.down_proj.weight,2560,6912,17694720,2.9113283157348633,29.95804398148148,40.060950385199654,29.981005633318865,35389440,17694720,4423680,8.0,4.0,0,True
model.layers.25.mlp.gate_proj.weight,6912,2560,17694720,2.405447483062744,30.91056541160301,38.15576058846933,30.933673999927663,35389440,17694720,4423680,8.0,4.0,0,True
model.layers.25.mlp.up_proj.weight,6912,2560,17694720,2.3046669960021973,29.90094220196759,40.213442201967595,29.885615596064813,35389440,17694720,4423680,8.0,4.0,0,True
model.layers.25.self_attn.k_proj.weight,640,2560,1638400,2.3266513347625732,29.65557861328125,40.56915283203125,29.7752685546875,3276800,1638400,409600,8.0,4.0,0,True
model.layers.25.self_attn.o_proj.weight,2560,2560,6553600,2.0840659141540527,28.592025756835938,42.83277893066406,28.5751953125,13107200,6553600,1638400,8.0,4.0,0,True
model.layers.25.self_attn.q_proj.weight,2560,2560,6553600,1.4664291143417358,27.658355712890625,44.64418029785156,27.697463989257812,13107200,6553600,1638400,8.0,4.0,0,True
model.layers.25.self_attn.v_proj.weight,640,2560,1638400,3.356245517730713,32.45758056640625,35.1324462890625,32.40997314453125,3276800,1638400,409600,8.0,4.0,0,True
model.layers.26.mlp.down_proj.weight,2560,6912,17694720,2.8572540283203125,31.71015986689815,36.555356626157405,31.734483506944443,35389440,17694720,4423680,8.0,4.0,0,True
model.layers.26.mlp.gate_proj.weight,6912,2560,17694720,2.4668118953704834,30.730692545572918,38.52372911241319,30.74557834201389,35389440,17694720,4423680,8.0,4.0,0,True
model.layers.26.mlp.up_proj.weight,6912,2560,17694720,2.3606653213500977,28.727456552010995,42.51120108145255,28.761342366536457,35389440,17694720,4423680,8.0,4.0,0,True
model.layers.26.self_attn.k_proj.weight,640,2560,1638400,2.4333858489990234,29.14453125,41.75555419921875,29.09991455078125,3276800,1638400,409600,8.0,4.0,0,True
model.layers.26.self_attn.o_proj.weight,2560,2560,6553600,2.0014536380767822,27.892776489257812,44.207275390625,27.899948120117188,13107200,6553600,1638400,8.0,4.0,0,True
model.layers.26.self_attn.q_proj.weight,2560,2560,6553600,1.6036456823349,27.06829833984375,45.87348937988281,27.058212280273438,13107200,6553600,1638400,8.0,4.0,0,True
model.layers.26.self_attn.v_proj.weight,640,2560,1638400,3.2457621097564697,31.73980712890625,36.49041748046875,31.769775390625,3276800,1638400,409600,8.0,4.0,0,True
model.layers.27.mlp.down_proj.weight,2560,6912,17694720,2.7643423080444336,31.58492476851852,36.84027212637442,31.574803105107062,35389440,17694720,4423680,8.0,4.0,0,True
model.layers.27.mlp.gate_proj.weight,6912,2560,17694720,2.5180251598358154,28.175393563729745,43.608008490668404,28.21659794560185,35389440,17694720,4423680,8.0,4.0,0,True
model.layers.27.mlp.up_proj.weight,6912,2560,17694720,2.40698504447937,28.497026231553818,43.00214979383681,28.500823974609375,35389440,17694720,4423680,8.0,4.0,0,True
model.layers.27.self_attn.k_proj.weight,640,2560,1638400,2.549302101135254,27.038330078125,45.9310302734375,27.0306396484375,3276800,1638400,409600,8.0,4.0,0,True
model.layers.27.self_attn.o_proj.weight,2560,2560,6553600,2.2271265983581543,29.146804809570312,41.730377197265625,29.122817993164062,13107200,6553600,1638400,8.0,4.0,0,True
model.layers.27.self_attn.q_proj.weight,2560,2560,6553600,1.5555064678192139,26.708709716796875,46.58918762207031,26.702102661132812,13107200,6553600,1638400,8.0,4.0,0,True
model.layers.27.self_attn.v_proj.weight,640,2560,1638400,3.6846725940704346,33.351806640625,33.25341796875,33.394775390625,3276800,1638400,409600,8.0,4.0,0,True
model.layers.28.mlp.down_proj.weight,2560,6912,17694720,2.630587339401245,29.793373390480323,40.38764105902778,29.8189855504919,35389440,17694720,4423680,8.0,4.0,0,True
model.layers.28.mlp.gate_proj.weight,6912,2560,17694720,2.6671082973480225,30.194097448278356,39.61688571506076,30.18901683666088,35389440,17694720,4423680,8.0,4.0,0,True
model.layers.28.mlp.up_proj.weight,6912,2560,17694720,2.5183634757995605,28.91349509910301,42.16865822120949,28.9178466796875,35389440,17694720,4423680,8.0,4.0,0,True
model.layers.28.self_attn.k_proj.weight,640,2560,1638400,2.0675714015960693,28.9390869140625,42.1231689453125,28.937744140625,3276800,1638400,409600,8.0,4.0,0,True
model.layers.28.self_attn.o_proj.weight,2560,2560,6553600,1.8344945907592773,28.10833740234375,43.74650573730469,28.145156860351562,13107200,6553600,1638400,8.0,4.0,0,True
model.layers.28.self_attn.q_proj.weight,2560,2560,6553600,1.3656419515609741,28.891250610351562,42.22019958496094,28.8885498046875,13107200,6553600,1638400,8.0,4.0,0,True
model.layers.28.self_attn.v_proj.weight,640,2560,1638400,3.0211098194122314,30.68389892578125,38.70208740234375,30.614013671875,3276800,1638400,409600,8.0,4.0,0,True
model.layers.29.mlp.down_proj.weight,2560,6912,17694720,2.2885186672210693,29.57381637008102,40.839120370370374,29.58706325954861,35389440,17694720,4423680,8.0,4.0,0,True
model.layers.29.mlp.gate_proj.weight,6912,2560,17694720,2.8299624919891357,28.055527298538774,43.82757116247107,28.116901538990163,35389440,17694720,4423680,8.0,4.0,0,True
model.layers.29.mlp.up_proj.weight,6912,2560,17694720,2.6029787063598633,30.162460892288774,39.70043606228299,30.13710304542824,35389440,17694720,4423680,8.0,4.0,0,True
model.layers.29.self_attn.k_proj.weight,640,2560,1638400,1.6596806049346924,29.95135498046875,40.10247802734375,29.9461669921875,3276800,1638400,409600,8.0,4.0,0,True
model.layers.29.self_attn.o_proj.weight,2560,2560,6553600,0.9527663588523865,22.7452392578125,54.494232177734375,22.760528564453125,13107200,6553600,1638400,8.0,4.0,0,True
model.layers.29.self_attn.q_proj.weight,2560,2560,6553600,1.1274282932281494,28.82421875,42.35926818847656,28.816513061523438,13107200,6553600,1638400,8.0,4.0,0,True
model.layers.29.self_attn.v_proj.weight,640,2560,1638400,1.7768142223358154,27.7708740234375,44.5142822265625,27.71484375,3276800,1638400,409600,8.0,4.0,0,True
model.layers.3.mlp.down_proj.weight,2560,6912,17694720,1.9712927341461182,26.915577076099538,46.16582799840857,26.9185949254919,35389440,17694720,4423680,8.0,4.0,0,True
model.layers.3.mlp.gate_proj.weight,6912,2560,17694720,1.4292943477630615,27.815540455005788,44.268143265335645,27.916316279658563,35389440,17694720,4423680,8.0,4.0,0,True
model.layers.3.mlp.up_proj.weight,6912,2560,17694720,1.269232153892517,27.241092258029514,45.512000189887154,27.246907552083332,35389440,17694720,4423680,8.0,4.0,0,True
model.layers.3.self_attn.k_proj.weight,640,2560,1638400,1.5373163223266602,29.7042236328125,40.64984130859375,29.64593505859375,3276800,1638400,409600,8.0,4.0,0,True
model.layers.3.self_attn.o_proj.weight,2560,2560,6553600,1.90216863155365,28.872634887695312,42.27227783203125,28.855087280273438,13107200,6553600,1638400,8.0,4.0,0,True
model.layers.3.self_attn.q_proj.weight,2560,2560,6553600,1.0245023965835571,27.810577392578125,44.365447998046875,27.823974609375,13107200,6553600,1638400,8.0,4.0,0,True
model.layers.3.self_attn.v_proj.weight,640,2560,1638400,2.692723274230957,30.8028564453125,38.40753173828125,30.78961181640625,3276800,1638400,409600,8.0,4.0,0,True
model.layers.4.mlp.down_proj.weight,2560,6912,17694720,2.1349170207977295,29.054169831452548,41.890343560112846,29.055486608434606,35389440,17694720,4423680,8.0,4.0,0,True
model.layers.4.mlp.gate_proj.weight,6912,2560,17694720,1.623368501663208,28.882723207826967,42.1148681640625,29.002408628110533,35389440,17694720,4423680,8.0,4.0,0,True
model.layers.4.mlp.up_proj.weight,6912,2560,17694720,1.4957504272460938,28.540824607566552,42.912778501157405,28.546396891276043,35389440,17694720,4423680,8.0,4.0,0,True
model.layers.4.self_attn.k_proj.weight,640,2560,1638400,1.814552664756775,28.3572998046875,43.29150390625,28.3511962890625,3276800,1638400,409600,8.0,4.0,0,True
model.layers.4.self_attn.o_proj.weight,2560,2560,6553600,2.133012533187866,29.38958740234375,41.194671630859375,29.415740966796875,13107200,6553600,1638400,8.0,4.0,0,True
model.layers.4.self_attn.q_proj.weight,2560,2560,6553600,1.1376539468765259,27.781082153320312,44.47917175292969,27.73974609375,13107200,6553600,1638400,8.0,4.0,0,True
model.layers.4.self_attn.v_proj.weight,640,2560,1638400,3.0369904041290283,31.22735595703125,37.48638916015625,31.2862548828125,3276800,1638400,409600,8.0,4.0,0,True
model.layers.5.mlp.down_proj.weight,2560,6912,17694720,2.1771554946899414,28.48861129195602,43.00756383825232,28.503824869791668,35389440,17694720,4423680,8.0,4.0,0,True
model.layers.5.mlp.gate_proj.weight,6912,2560,17694720,1.7476155757904053,29.674999095775462,40.537990993923614,29.787009910300927,35389440,17694720,4423680,8.0,4.0,0,True
model.layers.5.mlp.up_proj.weight,6912,2560,17694720,1.6368277072906494,29.547944245515048,40.91833043981482,29.53372531467014,35389440,17694720,4423680,8.0,4.0,0,True
model.layers.5.self_attn.k_proj.weight,640,2560,1638400,1.9532551765441895,26.70355224609375,46.55810546875,26.73834228515625,3276800,1638400,409600,8.0,4.0,0,True
model.layers.5.self_attn.o_proj.weight,2560,2560,6553600,2.1447556018829346,28.080810546875,43.82075500488281,28.098434448242188,13107200,6553600,1638400,8.0,4.0,0,True
model.layers.5.self_attn.q_proj.weight,2560,2560,6553600,1.2880560159683228,27.394363403320312,45.22967529296875,27.375961303710938,13107200,6553600,1638400,8.0,4.0,0,True
model.layers.5.self_attn.v_proj.weight,640,2560,1638400,3.158322811126709,30.33172607421875,39.33203125,30.33624267578125,3276800,1638400,409600,8.0,4.0,0,True
model.layers.6.mlp.down_proj.weight,2560,6912,17694720,2.3278214931488037,31.171835440176505,37.61904681170428,31.209117748119212,35389440,17694720,4423680,8.0,4.0,0,True
model.layers.6.mlp.gate_proj.weight,6912,2560,17694720,1.8770370483398438,29.154205322265625,41.644185384114586,29.201609293619793,35389440,17694720,4423680,8.0,4.0,0,True
model.layers.6.mlp.up_proj.weight,6912,2560,17694720,1.781682014465332,29.084981282552082,41.812789351851855,29.102229365596063,35389440,17694720,4423680,8.0,4.0,0,True
model.layers.6.self_attn.k_proj.weight,640,2560,1638400,2.1691999435424805,28.9595947265625,41.9892578125,29.0511474609375,3276800,1638400,409600,8.0,4.0,0,True
model.layers.6.self_attn.o_proj.weight,2560,2560,6553600,2.338446855545044,30.541152954101562,38.90937805175781,30.549468994140625,13107200,6553600,1638400,8.0,4.0,0,True
model.layers.6.self_attn.q_proj.weight,2560,2560,6553600,1.3680118322372437,25.663970947265625,48.64640808105469,25.689620971679688,13107200,6553600,1638400,8.0,4.0,0,True
model.layers.6.self_attn.v_proj.weight,640,2560,1638400,3.4801125526428223,32.772705078125,34.4283447265625,32.7989501953125,3276800,1638400,409600,8.0,4.0,0,True
model.layers.7.mlp.down_proj.weight,2560,6912,17694720,2.3588616847991943,31.12094455295139,37.74345115379051,31.1356042932581,35389440,17694720,4423680,8.0,4.0,0,True
model.layers.7.mlp.gate_proj.weight,6912,2560,17694720,1.9215635061264038,30.154554578993057,39.635320592809606,30.210124828197337,35389440,17694720,4423680,8.0,4.0,0,True
model.layers.7.mlp.up_proj.weight,6912,2560,17694720,1.835006833076477,30.27103000217014,39.457177056206596,30.271792941623264,35389440,17694720,4423680,8.0,4.0,0,True
model.layers.7.self_attn.k_proj.weight,640,2560,1638400,2.2624478340148926,28.74212646484375,42.508544921875,28.74932861328125,3276800,1638400,409600,8.0,4.0,0,True
model.layers.7.self_attn.o_proj.weight,2560,2560,6553600,2.2446205615997314,29.947128295898438,40.083953857421875,29.968917846679688,13107200,6553600,1638400,8.0,4.0,0,True
model.layers.7.self_attn.q_proj.weight,2560,2560,6553600,1.4199097156524658,27.061248779296875,45.86543273925781,27.073318481445312,13107200,6553600,1638400,8.0,4.0,0,True
model.layers.7.self_attn.v_proj.weight,640,2560,1638400,3.2299225330352783,32.42333984375,35.11846923828125,32.45819091796875,3276800,1638400,409600,8.0,4.0,0,True
model.layers.8.mlp.down_proj.weight,2560,6912,17694720,2.3891212940216064,31.177537706163193,37.6734302662037,31.1490320276331,35389440,17694720,4423680,8.0,4.0,0,True
model.layers.8.mlp.gate_proj.weight,6912,2560,17694720,1.9750179052352905,30.044877794053818,39.81553819444444,30.139584011501736,35389440,17694720,4423680,8.0,4.0,0,True
model.layers.8.mlp.up_proj.weight,6912,2560,17694720,1.8963134288787842,30.248746518735533,39.501387984664355,30.249865496600115,35389440,17694720,4423680,8.0,4.0,0,True
model.layers.8.self_attn.k_proj.weight,640,2560,1638400,2.2746546268463135,26.97943115234375,46.09722900390625,26.92333984375,3276800,1638400,409600,8.0,4.0,0,True
model.layers.8.self_attn.o_proj.weight,2560,2560,6553600,2.21683406829834,30.449920654296875,39.11549377441406,30.434585571289062,13107200,6553600,1638400,8.0,4.0,0,True
model.layers.8.self_attn.q_proj.weight,2560,2560,6553600,1.4686099290847778,25.983978271484375,48.104156494140625,25.911865234375,13107200,6553600,1638400,8.0,4.0,0,True
model.layers.8.self_attn.v_proj.weight,640,2560,1638400,3.369687080383301,32.7640380859375,34.419677734375,32.8162841796875,3276800,1638400,409600,8.0,4.0,0,True
model.layers.9.mlp.down_proj.weight,2560,6912,17694720,2.4046106338500977,31.23237892433449,37.521317093460645,31.24630398220486,35389440,17694720,4423680,8.0,4.0,0,True
model.layers.9.mlp.gate_proj.weight,6912,2560,17694720,1.9943398237228394,28.986646864149307,41.954368308738424,29.05898482711227,35389440,17694720,4423680,8.0,4.0,0,True
model.layers.9.mlp.up_proj.weight,6912,2560,17694720,1.9441851377487183,30.604943169487846,38.80285757559317,30.59219925491898,35389440,17694720,4423680,8.0,4.0,0,True
model.layers.9.self_attn.k_proj.weight,640,2560,1638400,2.3452353477478027,26.6278076171875,46.711181640625,26.6610107421875,3276800,1638400,409600,8.0,4.0,0,True
model.layers.9.self_attn.o_proj.weight,2560,2560,6553600,2.4536619186401367,28.100662231445312,43.82624816894531,28.073089599609375,13107200,6553600,1638400,8.0,4.0,0,True
model.layers.9.self_attn.q_proj.weight,2560,2560,6553600,1.4829696416854858,28.245040893554688,43.52052307128906,28.23443603515625,13107200,6553600,1638400,8.0,4.0,0,True
model.layers.9.self_attn.v_proj.weight,640,2560,1638400,3.6193368434906006,32.58428955078125,34.84747314453125,32.5682373046875,3276800,1638400,409600,8.0,4.0,0,True
